site,site_dir,somsc_summary,biomass_summary,n2o_summary,somsc_result,biomass_result,n2o_result,n2o_summary_plot_count,n2o_year_summary_plot_count,biomass_livec_plot_count,somsc_spinup_png,somsc_spinup_png_exists,somsc_exp_png,somsc_exp_png_exists,somsc_scatter_png,somsc_scatter_png_exists,biomass_scatter_png,biomass_scatter_png_exists,n2o_scatter_png,n2o_scatter_png_exists
Agegnehu_2015,/Users/mac/DAYCENT/daycent_sites/sites/Agegnehu_2015,/Users/mac/DAYCENT/daycent_sites/sites/Agegnehu_2015/somsc_check/somsc_check_summary.txt,/Users/mac/DAYCENT/daycent_sites/sites/Agegnehu_2015/biomass_check/biomass_check_summary.txt,/Users/mac/DAYCENT/daycent_sites/sites/Agegnehu_2015/n2o_check/n2o_check_summary.txt,RESULT: OK for Calibration - No major discrepancies found.,RESULT: CANNOT ASSESS - 'averaged_biomass_comparison.csv' was not found.,RESULT: CANNOT ASSESS - No N2O flux observations in the observation file.,0,0,7,/Users/mac/DAYCENT/daycent_sites/sites/Agegnehu_2015/somsc_check/somsc_timeseries_spinup.png,True,/Users/mac/DAYCENT/daycent_sites/sites/Agegnehu_2015/somsc_check/somsc_timeseries_exp.png,True,/Users/mac/DAYCENT/daycent_sites/sites/Agegnehu_2015/somsc_check/observed_vs_modeled_somsc.png,True,/Users/mac/DAYCENT/daycent_sites/sites/Agegnehu_2015/biomass_check/observed_vs_modeled_biomass.png,False,/Users/mac/DAYCENT/daycent_sites/sites/Agegnehu_2015/n2o_check/observed_vs_modeled_n2o.png,False
Anandakumar_2022,/Users/mac/DAYCENT/daycent_sites/sites/Anandakumar_2022,/Users/mac/DAYCENT/daycent_sites/sites/Anandakumar_2022/somsc_check/somsc_check_summary.txt,/Users/mac/DAYCENT/daycent_sites/sites/Anandakumar_2022/biomass_check/biomass_check_summary.txt,/Users/mac/DAYCENT/daycent_sites/sites/Anandakumar_2022/n2o_check/n2o_check_summary.txt,RESULT: OK for Calibration - No major discrepancies found.,RESULT: CANNOT ASSESS - No biomass/grain observations in the observation file.,RESULT: CANNOT ASSESS - No N2O flux observations in the observation file.,0,0,6,/Users/mac/DAYCENT/daycent_sites/sites/Anandakumar_2022/somsc_check/somsc_timeseries_spinup.png,True,/Users/mac/DAYCENT/daycent_sites/sites/Anandakumar_2022/somsc_check/somsc_timeseries_exp.png,True,/Users/mac/DAYCENT/daycent_sites/sites/Anandakumar_2022/somsc_check/observed_vs_modeled_somsc.png,False,/Users/mac/DAYCENT/daycent_sites/sites/Anandakumar_2022/biomass_check/observed_vs_modeled_biomass.png,False,/Users/mac/DAYCENT/daycent_sites/sites/Anandakumar_2022/n2o_check/observed_vs_modeled_n2o.png,False
Aravindh_2023,/Users/mac/DAYCENT/daycent_sites/sites/Aravindh_2023,/Users/mac/DAYCENT/daycent_sites/sites/Aravindh_2023/somsc_check/somsc_check_summary.txt,/Users/mac/DAYCENT/daycent_sites/sites/Aravindh_2023/biomass_check/biomass_check_summary.txt,/Users/mac/DAYCENT/daycent_sites/sites/Aravindh_2023/n2o_check/n2o_check_summary.txt,RESULT: OK for Calibration - No major discrepancies found.,RESULT: CANNOT ASSESS - No biomass/grain observations in the observation file.,RESULT: CANNOT ASSESS - No N2O flux observations in the observation file.,0,8,10,/Users/mac/DAYCENT/daycent_sites/sites/Aravindh_2023/somsc_check/somsc_timeseries_spinup.png,True,/Users/mac/DAYCENT/daycent_sites/sites/Aravindh_2023/somsc_check/somsc_timeseries_exp.png,True,/Users/mac/DAYCENT/daycent_sites/sites/Aravindh_2023/somsc_check/observed_vs_modeled_somsc.png,False,/Users/mac/DAYCENT/daycent_sites/sites/Aravindh_2023/biomass_check/observed_vs_modeled_biomass.png,False,/Users/mac/DAYCENT/daycent_sites/sites/Aravindh_2023/n2o_check/observed_vs_modeled_n2o.png,False
Aulakh_2013,/Users/mac/DAYCENT/daycent_sites/sites/Aulakh_2013,/Users/mac/DAYCENT/daycent_sites/sites/Aulakh_2013/somsc_check/somsc_check_summary.txt,/Users/mac/DAYCENT/daycent_sites/sites/Aulakh_2013/biomass_check/biomass_check_summary.txt,/Users/mac/DAYCENT/daycent_sites/sites/Aulakh_2013/n2o_check/n2o_check_summary.txt,RESULT: OK for Calibration - No major discrepancies found.,RESULT: CANNOT ASSESS - No biomass/grain observations in the observation file.,RESULT: CANNOT ASSESS - No N2O flux observations in the observation file.,0,16,18,/Users/mac/DAYCENT/daycent_sites/sites/Aulakh_2013/somsc_check/somsc_timeseries_spinup.png,True,/Users/mac/DAYCENT/daycent_sites/sites/Aulakh_2013/somsc_check/somsc_timeseries_exp.png,True,/Users/mac/DAYCENT/daycent_sites/sites/Aulakh_2013/somsc_check/observed_vs_modeled_somsc.png,True,/Users/mac/DAYCENT/daycent_sites/sites/Aulakh_2013/biomass_check/observed_vs_modeled_biomass.png,False,/Users/mac/DAYCENT/daycent_sites/sites/Aulakh_2013/n2o_check/observed_vs_modeled_n2o.png,False
Babu_2016,/Users/mac/DAYCENT/daycent_sites/sites/Babu_2016,/Users/mac/DAYCENT/daycent_sites/sites/Babu_2016/somsc_check/somsc_check_summary.txt,/Users/mac/DAYCENT/daycent_sites/sites/Babu_2016/biomass_check/biomass_check_summary.txt,/Users/mac/DAYCENT/daycent_sites/sites/Babu_2016/n2o_check/n2o_check_summary.txt,RESULT: OK for Calibration - No major discrepancies found.,RESULT: CANNOT ASSESS - 'averaged_biomass_comparison.csv' was not found.,RESULT: CANNOT ASSESS - No N2O flux observations in the observation file.,0,9,11,/Users/mac/DAYCENT/daycent_sites/sites/Babu_2016/somsc_check/somsc_timeseries_spinup.png,True,/Users/mac/DAYCENT/daycent_sites/sites/Babu_2016/somsc_check/somsc_timeseries_exp.png,True,/Users/mac/DAYCENT/daycent_sites/sites/Babu_2016/somsc_check/observed_vs_modeled_somsc.png,True,/Users/mac/DAYCENT/daycent_sites/sites/Babu_2016/biomass_check/observed_vs_modeled_biomass.png,False,/Users/mac/DAYCENT/daycent_sites/sites/Babu_2016/n2o_check/observed_vs_modeled_n2o.png,False
Banerjee_2018,/Users/mac/DAYCENT/daycent_sites/sites/Banerjee_2018,/Users/mac/DAYCENT/daycent_sites/sites/Banerjee_2018/somsc_check/somsc_check_summary.txt,/Users/mac/DAYCENT/daycent_sites/sites/Banerjee_2018/biomass_check/biomass_check_summary.txt,/Users/mac/DAYCENT/daycent_sites/sites/Banerjee_2018/n2o_check/n2o_check_summary.txt,RESULT: OK for Calibration - No major discrepancies found.,RESULT: CANNOT ASSESS - 'averaged_biomass_comparison.csv' was not found.,,0,0,6,/Users/mac/DAYCENT/daycent_sites/sites/Banerjee_2018/somsc_check/somsc_timeseries_spinup.png,True,/Users/mac/DAYCENT/daycent_sites/sites/Banerjee_2018/somsc_check/somsc_timeseries_exp.png,True,/Users/mac/DAYCENT/daycent_sites/sites/Banerjee_2018/somsc_check/observed_vs_modeled_somsc.png,False,/Users/mac/DAYCENT/daycent_sites/sites/Banerjee_2018/biomass_check/observed_vs_modeled_biomass.png,False,/Users/mac/DAYCENT/daycent_sites/sites/Banerjee_2018/n2o_check/observed_vs_modeled_n2o.png,False
Behera_2021_reformatted,/Users/mac/DAYCENT/daycent_sites/sites/Behera_2021_reformatted,/Users/mac/DAYCENT/daycent_sites/sites/Behera_2021_reformatted/somsc_check/somsc_check_summary.txt,/Users/mac/DAYCENT/daycent_sites/sites/Behera_2021_reformatted/biomass_check/biomass_check_summary.txt,/Users/mac/DAYCENT/daycent_sites/sites/Behera_2021_reformatted/n2o_check/n2o_check_summary.txt,RESULT: OK for Calibration - No major discrepancies found.,RESULT: CANNOT ASSESS - No biomass/grain observations in the observation file.,RESULT: CANNOT ASSESS - No N2O flux observations in the observation file.,0,20,22,/Users/mac/DAYCENT/daycent_sites/sites/Behera_2021_reformatted/somsc_check/somsc_timeseries_spinup.png,True,/Users/mac/DAYCENT/daycent_sites/sites/Behera_2021_reformatted/somsc_check/somsc_timeseries_exp.png,True,/Users/mac/DAYCENT/daycent_sites/sites/Behera_2021_reformatted/somsc_check/observed_vs_modeled_somsc.png,False,/Users/mac/DAYCENT/daycent_sites/sites/Behera_2021_reformatted/biomass_check/observed_vs_modeled_biomass.png,False,/Users/mac/DAYCENT/daycent_sites/sites/Behera_2021_reformatted/n2o_check/observed_vs_modeled_n2o.png,False
Bhattacharya_2023,/Users/mac/DAYCENT/daycent_sites/sites/Bhattacharya_2023,/Users/mac/DAYCENT/daycent_sites/sites/Bhattacharya_2023/somsc_check/somsc_check_summary.txt,/Users/mac/DAYCENT/daycent_sites/sites/Bhattacharya_2023/biomass_check/biomass_check_summary.txt,/Users/mac/DAYCENT/daycent_sites/sites/Bhattacharya_2023/n2o_check/n2o_check_summary.txt,RESULT: OK for Calibration - No major discrepancies found.,RESULT: CANNOT ASSESS - 'averaged_biomass_comparison.csv' was not found.,RESULT: CANNOT ASSESS - Comparison CSV not found.,4,4,6,/Users/mac/DAYCENT/daycent_sites/sites/Bhattacharya_2023/somsc_check/somsc_timeseries_spinup.png,True,/Users/mac/DAYCENT/daycent_sites/sites/Bhattacharya_2023/somsc_check/somsc_timeseries_exp.png,True,/Users/mac/DAYCENT/daycent_sites/sites/Bhattacharya_2023/somsc_check/observed_vs_modeled_somsc.png,False,/Users/mac/DAYCENT/daycent_sites/sites/Bhattacharya_2023/biomass_check/observed_vs_modeled_biomass.png,False,/Users/mac/DAYCENT/daycent_sites/sites/Bhattacharya_2023/n2o_check/observed_vs_modeled_n2o.png,False
Bhattacharyya_2018_reformatted,/Users/mac/DAYCENT/daycent_sites/sites/Bhattacharyya_2018_reformatted,/Users/mac/DAYCENT/daycent_sites/sites/Bhattacharyya_2018_reformatted/somsc_check/somsc_check_summary.txt,/Users/mac/DAYCENT/daycent_sites/sites/Bhattacharyya_2018_reformatted/biomass_check/biomass_check_summary.txt,/Users/mac/DAYCENT/daycent_sites/sites/Bhattacharyya_2018_reformatted/n2o_check/n2o_check_summary.txt,RESULT: OK for Calibration - No major discrepancies found.,RESULT: CANNOT ASSESS - 'averaged_biomass_comparison.csv' was not found.,RESULT: OK for Calibration - All points have simulated >= observed (no shortfalls).,3,3,5,/Users/mac/DAYCENT/daycent_sites/sites/Bhattacharyya_2018_reformatted/somsc_check/somsc_timeseries_spinup.png,True,/Users/mac/DAYCENT/daycent_sites/sites/Bhattacharyya_2018_reformatted/somsc_check/somsc_timeseries_exp.png,True,/Users/mac/DAYCENT/daycent_sites/sites/Bhattacharyya_2018_reformatted/somsc_check/observed_vs_modeled_somsc.png,False,/Users/mac/DAYCENT/daycent_sites/sites/Bhattacharyya_2018_reformatted/biomass_check/observed_vs_modeled_biomass.png,False,/Users/mac/DAYCENT/daycent_sites/sites/Bhattacharyya_2018_reformatted/n2o_check/observed_vs_modeled_n2o.png,True
Biswakarma_2019,/Users/mac/DAYCENT/daycent_sites/sites/Biswakarma_2019,/Users/mac/DAYCENT/daycent_sites/sites/Biswakarma_2019/somsc_check/somsc_check_summary.txt,/Users/mac/DAYCENT/daycent_sites/sites/Biswakarma_2019/biomass_check/biomass_check_summary.txt,/Users/mac/DAYCENT/daycent_sites/sites/Biswakarma_2019/n2o_check/n2o_check_summary.txt,RESULT: OK for Calibration - No major discrepancies found.,RESULT: CANNOT ASSESS - 'averaged_biomass_comparison.csv' was not found.,RESULT: CANNOT ASSESS - No N2O flux observations in the observation file.,0,12,14,/Users/mac/DAYCENT/daycent_sites/sites/Biswakarma_2019/somsc_check/somsc_timeseries_spinup.png,True,/Users/mac/DAYCENT/daycent_sites/sites/Biswakarma_2019/somsc_check/somsc_timeseries_exp.png,True,/Users/mac/DAYCENT/daycent_sites/sites/Biswakarma_2019/somsc_check/observed_vs_modeled_somsc.png,False,/Users/mac/DAYCENT/daycent_sites/sites/Biswakarma_2019/biomass_check/observed_vs_modeled_biomass.png,False,/Users/mac/DAYCENT/daycent_sites/sites/Biswakarma_2019/n2o_check/observed_vs_modeled_n2o.png,False
Borah_2023,/Users/mac/DAYCENT/daycent_sites/sites/Borah_2023,/Users/mac/DAYCENT/daycent_sites/sites/Borah_2023/somsc_check/somsc_check_summary.txt,/Users/mac/DAYCENT/daycent_sites/sites/Borah_2023/biomass_check/biomass_check_summary.txt,/Users/mac/DAYCENT/daycent_sites/sites/Borah_2023/n2o_check/n2o_check_summary.txt,RESULT: OK for Calibration - No major discrepancies found.,RESULT: CANNOT ASSESS - No biomass/grain observations in the observation file.,RESULT: CANNOT ASSESS - No N2O flux observations in the observation file.,0,8,10,/Users/mac/DAYCENT/daycent_sites/sites/Borah_2023/somsc_check/somsc_timeseries_spinup.png,True,/Users/mac/DAYCENT/daycent_sites/sites/Borah_2023/somsc_check/somsc_timeseries_exp.png,True,/Users/mac/DAYCENT/daycent_sites/sites/Borah_2023/somsc_check/observed_vs_modeled_somsc.png,True,/Users/mac/DAYCENT/daycent_sites/sites/Borah_2023/biomass_check/observed_vs_modeled_biomass.png,False,/Users/mac/DAYCENT/daycent_sites/sites/Borah_2023/n2o_check/observed_vs_modeled_n2o.png,False
Chary_2019,/Users/mac/DAYCENT/daycent_sites/sites/Chary_2019,/Users/mac/DAYCENT/daycent_sites/sites/Chary_2019/somsc_check/somsc_check_summary.txt,/Users/mac/DAYCENT/daycent_sites/sites/Chary_2019/biomass_check/biomass_check_summary.txt,/Users/mac/DAYCENT/daycent_sites/sites/Chary_2019/n2o_check/n2o_check_summary.txt,RESULT: OK for Calibration - No major discrepancies found.,RESULT: CANNOT ASSESS - No biomass/grain observations in the observation file.,RESULT: CANNOT ASSESS - No N2O flux observations in the observation file.,0,48,50,/Users/mac/DAYCENT/daycent_sites/sites/Chary_2019/somsc_check/somsc_timeseries_spinup.png,True,/Users/mac/DAYCENT/daycent_sites/sites/Chary_2019/somsc_check/somsc_timeseries_exp.png,True,/Users/mac/DAYCENT/daycent_sites/sites/Chary_2019/somsc_check/observed_vs_modeled_somsc.png,True,/Users/mac/DAYCENT/daycent_sites/sites/Chary_2019/biomass_check/observed_vs_modeled_biomass.png,False,/Users/mac/DAYCENT/daycent_sites/sites/Chary_2019/n2o_check/observed_vs_modeled_n2o.png,False
Chatterjee_2018,/Users/mac/DAYCENT/daycent_sites/sites/Chatterjee_2018,/Users/mac/DAYCENT/daycent_sites/sites/Chatterjee_2018/somsc_check/somsc_check_summary.txt,/Users/mac/DAYCENT/daycent_sites/sites/Chatterjee_2018/biomass_check/biomass_check_summary.txt,/Users/mac/DAYCENT/daycent_sites/sites/Chatterjee_2018/n2o_check/n2o_check_summary.txt,RESULT: OK for Calibration - No major discrepancies found.,RESULT: CANNOT ASSESS - 'averaged_biomass_comparison.csv' was not found.,RESULT: CANNOT ASSESS - No N2O flux observations in the observation file.,0,12,14,/Users/mac/DAYCENT/daycent_sites/sites/Chatterjee_2018/somsc_check/somsc_timeseries_spinup.png,True,/Users/mac/DAYCENT/daycent_sites/sites/Chatterjee_2018/somsc_check/somsc_timeseries_exp.png,True,/Users/mac/DAYCENT/daycent_sites/sites/Chatterjee_2018/somsc_check/observed_vs_modeled_somsc.png,True,/Users/mac/DAYCENT/daycent_sites/sites/Chatterjee_2018/biomass_check/observed_vs_modeled_biomass.png,False,/Users/mac/DAYCENT/daycent_sites/sites/Chatterjee_2018/n2o_check/observed_vs_modeled_n2o.png,False
Chaudhari_2020,/Users/mac/DAYCENT/daycent_sites/sites/Chaudhari_2020,/Users/mac/DAYCENT/daycent_sites/sites/Chaudhari_2020/somsc_check/somsc_check_summary.txt,/Users/mac/DAYCENT/daycent_sites/sites/Chaudhari_2020/biomass_check/biomass_check_summary.txt,/Users/mac/DAYCENT/daycent_sites/sites/Chaudhari_2020/n2o_check/n2o_check_summary.txt,RESULT: OK for Calibration - No major discrepancies found.,RESULT: CANNOT ASSESS - 'averaged_biomass_comparison.csv' was not found.,RESULT: CANNOT ASSESS - No N2O flux observations in the observation file.,0,5,7,/Users/mac/DAYCENT/daycent_sites/sites/Chaudhari_2020/somsc_check/somsc_timeseries_spinup.png,True,/Users/mac/DAYCENT/daycent_sites/sites/Chaudhari_2020/somsc_check/somsc_timeseries_exp.png,True,/Users/mac/DAYCENT/daycent_sites/sites/Chaudhari_2020/somsc_check/observed_vs_modeled_somsc.png,True,/Users/mac/DAYCENT/daycent_sites/sites/Chaudhari_2020/biomass_check/observed_vs_modeled_biomass.png,False,/Users/mac/DAYCENT/daycent_sites/sites/Chaudhari_2020/n2o_check/observed_vs_modeled_n2o.png,False
Chaudhary_2017_reformatted,/Users/mac/DAYCENT/daycent_sites/sites/Chaudhary_2017_reformatted,/Users/mac/DAYCENT/daycent_sites/sites/Chaudhary_2017_reformatted/somsc_check/somsc_check_summary.txt,/Users/mac/DAYCENT/daycent_sites/sites/Chaudhary_2017_reformatted/biomass_check/biomass_check_summary.txt,/Users/mac/DAYCENT/daycent_sites/sites/Chaudhary_2017_reformatted/n2o_check/n2o_check_summary.txt,RESULT: OK for Calibration - No major discrepancies found.,RESULT: CANNOT ASSESS - No biomass/grain observations in the observation file.,RESULT: CANNOT ASSESS - No N2O flux observations in the observation file.,0,12,14,/Users/mac/DAYCENT/daycent_sites/sites/Chaudhary_2017_reformatted/somsc_check/somsc_timeseries_spinup.png,True,/Users/mac/DAYCENT/daycent_sites/sites/Chaudhary_2017_reformatted/somsc_check/somsc_timeseries_exp.png,True,/Users/mac/DAYCENT/daycent_sites/sites/Chaudhary_2017_reformatted/somsc_check/observed_vs_modeled_somsc.png,True,/Users/mac/DAYCENT/daycent_sites/sites/Chaudhary_2017_reformatted/biomass_check/observed_vs_modeled_biomass.png,False,/Users/mac/DAYCENT/daycent_sites/sites/Chaudhary_2017_reformatted/n2o_check/observed_vs_modeled_n2o.png,False
Chinnadurai_2013,/Users/mac/DAYCENT/daycent_sites/sites/Chinnadurai_2013,/Users/mac/DAYCENT/daycent_sites/sites/Chinnadurai_2013/somsc_check/somsc_check_summary.txt,/Users/mac/DAYCENT/daycent_sites/sites/Chinnadurai_2013/biomass_check/biomass_check_summary.txt,/Users/mac/DAYCENT/daycent_sites/sites/Chinnadurai_2013/n2o_check/n2o_check_summary.txt,RESULT: OK for Calibration - No major discrepancies found.,RESULT: CANNOT ASSESS - No biomass/grain observations in the observation file.,RESULT: CANNOT ASSESS - No N2O flux observations in the observation file.,0,0,5,/Users/mac/DAYCENT/daycent_sites/sites/Chinnadurai_2013/somsc_check/somsc_timeseries_spinup.png,True,/Users/mac/DAYCENT/daycent_sites/sites/Chinnadurai_2013/somsc_check/somsc_timeseries_exp.png,True,/Users/mac/DAYCENT/daycent_sites/sites/Chinnadurai_2013/somsc_check/observed_vs_modeled_somsc.png,False,/Users/mac/DAYCENT/daycent_sites/sites/Chinnadurai_2013/biomass_check/observed_vs_modeled_biomass.png,False,/Users/mac/DAYCENT/daycent_sites/sites/Chinnadurai_2013/n2o_check/observed_vs_modeled_n2o.png,False
Choudhary_2018_reformatted,/Users/mac/DAYCENT/daycent_sites/sites/Choudhary_2018_reformatted,/Users/mac/DAYCENT/daycent_sites/sites/Choudhary_2018_reformatted/somsc_check/somsc_check_summary.txt,/Users/mac/DAYCENT/daycent_sites/sites/Choudhary_2018_reformatted/biomass_check/biomass_check_summary.txt,/Users/mac/DAYCENT/daycent_sites/sites/Choudhary_2018_reformatted/n2o_check/n2o_check_summary.txt,RESULT: OK for Calibration - No major discrepancies found.,RESULT: CANNOT ASSESS - No biomass/grain observations in the observation file.,RESULT: CANNOT ASSESS - No N2O flux observations in the observation file.,0,20,22,/Users/mac/DAYCENT/daycent_sites/sites/Choudhary_2018_reformatted/somsc_check/somsc_timeseries_spinup.png,True,/Users/mac/DAYCENT/daycent_sites/sites/Choudhary_2018_reformatted/somsc_check/somsc_timeseries_exp.png,True,/Users/mac/DAYCENT/daycent_sites/sites/Choudhary_2018_reformatted/somsc_check/observed_vs_modeled_somsc.png,True,/Users/mac/DAYCENT/daycent_sites/sites/Choudhary_2018_reformatted/biomass_check/observed_vs_modeled_biomass.png,False,/Users/mac/DAYCENT/daycent_sites/sites/Choudhary_2018_reformatted/n2o_check/observed_vs_modeled_n2o.png,False
Das_2013_reformatted,/Users/mac/DAYCENT/daycent_sites/sites/Das_2013_reformatted,/Users/mac/DAYCENT/daycent_sites/sites/Das_2013_reformatted/somsc_check/somsc_check_summary.txt,/Users/mac/DAYCENT/daycent_sites/sites/Das_2013_reformatted/biomass_check/biomass_check_summary.txt,/Users/mac/DAYCENT/daycent_sites/sites/Das_2013_reformatted/n2o_check/n2o_check_summary.txt,RESULT: OK for Calibration - No major discrepancies found.,RESULT: NEEDS INVESTIGATION - Model below observation and/or invalid comparison rows (see Point-wise delta).,RESULT: CANNOT ASSESS - No N2O flux observations in the observation file.,0,16,18,/Users/mac/DAYCENT/daycent_sites/sites/Das_2013_reformatted/somsc_check/somsc_timeseries_spinup.png,True,/Users/mac/DAYCENT/daycent_sites/sites/Das_2013_reformatted/somsc_check/somsc_timeseries_exp.png,True,/Users/mac/DAYCENT/daycent_sites/sites/Das_2013_reformatted/somsc_check/observed_vs_modeled_somsc.png,True,/Users/mac/DAYCENT/daycent_sites/sites/Das_2013_reformatted/biomass_check/observed_vs_modeled_biomass.png,True,/Users/mac/DAYCENT/daycent_sites/sites/Das_2013_reformatted/n2o_check/observed_vs_modeled_n2o.png,False
Das_2018_reformatted,/Users/mac/DAYCENT/daycent_sites/sites/Das_2018_reformatted,/Users/mac/DAYCENT/daycent_sites/sites/Das_2018_reformatted/somsc_check/somsc_check_summary.txt,/Users/mac/DAYCENT/daycent_sites/sites/Das_2018_reformatted/biomass_check/biomass_check_summary.txt,/Users/mac/DAYCENT/daycent_sites/sites/Das_2018_reformatted/n2o_check/n2o_check_summary.txt,RESULT: OK for Calibration - No major discrepancies found.,RESULT: CANNOT ASSESS - 'averaged_biomass_comparison.csv' was not found.,RESULT: CANNOT ASSESS - No N2O flux observations in the observation file.,0,5,7,/Users/mac/DAYCENT/daycent_sites/sites/Das_2018_reformatted/somsc_check/somsc_timeseries_spinup.png,True,/Users/mac/DAYCENT/daycent_sites/sites/Das_2018_reformatted/somsc_check/somsc_timeseries_exp.png,True,/Users/mac/DAYCENT/daycent_sites/sites/Das_2018_reformatted/somsc_check/observed_vs_modeled_somsc.png,True,/Users/mac/DAYCENT/daycent_sites/sites/Das_2018_reformatted/biomass_check/observed_vs_modeled_biomass.png,False,/Users/mac/DAYCENT/daycent_sites/sites/Das_2018_reformatted/n2o_check/observed_vs_modeled_n2o.png,False
Dhadli_2016,/Users/mac/DAYCENT/daycent_sites/sites/Dhadli_2016,/Users/mac/DAYCENT/daycent_sites/sites/Dhadli_2016/somsc_check/somsc_check_summary.txt,/Users/mac/DAYCENT/daycent_sites/sites/Dhadli_2016/biomass_check/biomass_check_summary.txt,/Users/mac/DAYCENT/daycent_sites/sites/Dhadli_2016/n2o_check/n2o_check_summary.txt,RESULT: OK for Calibration - No major discrepancies found.,RESULT: CANNOT ASSESS - 'averaged_biomass_comparison.csv' was not found.,RESULT: OK for Calibration - All points have simulated >= observed (no shortfalls).,4,0,6,/Users/mac/DAYCENT/daycent_sites/sites/Dhadli_2016/somsc_check/somsc_timeseries_spinup.png,True,/Users/mac/DAYCENT/daycent_sites/sites/Dhadli_2016/somsc_check/somsc_timeseries_exp.png,True,/Users/mac/DAYCENT/daycent_sites/sites/Dhadli_2016/somsc_check/observed_vs_modeled_somsc.png,False,/Users/mac/DAYCENT/daycent_sites/sites/Dhadli_2016/biomass_check/observed_vs_modeled_biomass.png,False,/Users/mac/DAYCENT/daycent_sites/sites/Dhadli_2016/n2o_check/observed_vs_modeled_n2o.png,True
Dinesh_2022,/Users/mac/DAYCENT/daycent_sites/sites/Dinesh_2022,/Users/mac/DAYCENT/daycent_sites/sites/Dinesh_2022/somsc_check/somsc_check_summary.txt,/Users/mac/DAYCENT/daycent_sites/sites/Dinesh_2022/biomass_check/biomass_check_summary.txt,/Users/mac/DAYCENT/daycent_sites/sites/Dinesh_2022/n2o_check/n2o_check_summary.txt,RESULT: OK for Calibration - No major discrepancies found.,RESULT: CANNOT ASSESS - No biomass/grain observations in the observation file.,RESULT: CANNOT ASSESS - No N2O flux observations in the observation file.,0,0,10,/Users/mac/DAYCENT/daycent_sites/sites/Dinesh_2022/somsc_check/somsc_timeseries_spinup.png,True,/Users/mac/DAYCENT/daycent_sites/sites/Dinesh_2022/somsc_check/somsc_timeseries_exp.png,True,/Users/mac/DAYCENT/daycent_sites/sites/Dinesh_2022/somsc_check/observed_vs_modeled_somsc.png,False,/Users/mac/DAYCENT/daycent_sites/sites/Dinesh_2022/biomass_check/observed_vs_modeled_biomass.png,False,/Users/mac/DAYCENT/daycent_sites/sites/Dinesh_2022/n2o_check/observed_vs_modeled_n2o.png,False
Dinesh_2024,/Users/mac/DAYCENT/daycent_sites/sites/Dinesh_2024,/Users/mac/DAYCENT/daycent_sites/sites/Dinesh_2024/somsc_check/somsc_check_summary.txt,/Users/mac/DAYCENT/daycent_sites/sites/Dinesh_2024/biomass_check/biomass_check_summary.txt,/Users/mac/DAYCENT/daycent_sites/sites/Dinesh_2024/n2o_check/n2o_check_summary.txt,RESULT: OK for Calibration - No major discrepancies found.,RESULT: CANNOT ASSESS - 'averaged_biomass_comparison.csv' was not found.,RESULT: CANNOT ASSESS - No N2O flux observations in the observation file.,8,0,10,/Users/mac/DAYCENT/daycent_sites/sites/Dinesh_2024/somsc_check/somsc_timeseries_spinup.png,True,/Users/mac/DAYCENT/daycent_sites/sites/Dinesh_2024/somsc_check/somsc_timeseries_exp.png,True,/Users/mac/DAYCENT/daycent_sites/sites/Dinesh_2024/somsc_check/observed_vs_modeled_somsc.png,True,/Users/mac/DAYCENT/daycent_sites/sites/Dinesh_2024/biomass_check/observed_vs_modeled_biomass.png,False,/Users/mac/DAYCENT/daycent_sites/sites/Dinesh_2024/n2o_check/observed_vs_modeled_n2o.png,False
Gabhane_2014,/Users/mac/DAYCENT/daycent_sites/sites/Gabhane_2014,/Users/mac/DAYCENT/daycent_sites/sites/Gabhane_2014/somsc_check/somsc_check_summary.txt,/Users/mac/DAYCENT/daycent_sites/sites/Gabhane_2014/biomass_check/biomass_check_summary.txt,/Users/mac/DAYCENT/daycent_sites/sites/Gabhane_2014/n2o_check/n2o_check_summary.txt,RESULT: OK for Calibration - No major discrepancies found.,RESULT: CANNOT ASSESS - 'averaged_biomass_comparison.csv' was not found.,RESULT: CANNOT ASSESS - No N2O flux observations in the observation file.,0,10,22,/Users/mac/DAYCENT/daycent_sites/sites/Gabhane_2014/somsc_check/somsc_timeseries_spinup.png,True,/Users/mac/DAYCENT/daycent_sites/sites/Gabhane_2014/somsc_check/somsc_timeseries_exp.png,True,/Users/mac/DAYCENT/daycent_sites/sites/Gabhane_2014/somsc_check/observed_vs_modeled_somsc.png,False,/Users/mac/DAYCENT/daycent_sites/sites/Gabhane_2014/biomass_check/observed_vs_modeled_biomass.png,False,/Users/mac/DAYCENT/daycent_sites/sites/Gabhane_2014/n2o_check/observed_vs_modeled_n2o.png,False
Ghosh_2006,/Users/mac/DAYCENT/daycent_sites/sites/Ghosh_2006,/Users/mac/DAYCENT/daycent_sites/sites/Ghosh_2006/somsc_check/somsc_check_summary.txt,/Users/mac/DAYCENT/daycent_sites/sites/Ghosh_2006/biomass_check/biomass_check_summary.txt,/Users/mac/DAYCENT/daycent_sites/sites/Ghosh_2006/n2o_check/n2o_check_summary.txt,RESULT: OK for Calibration - No major discrepancies found.,RESULT: CANNOT ASSESS - 'averaged_biomass_comparison.csv' was not found.,RESULT: CANNOT ASSESS - No N2O flux observations in the observation file.,0,40,42,/Users/mac/DAYCENT/daycent_sites/sites/Ghosh_2006/somsc_check/somsc_timeseries_spinup.png,True,/Users/mac/DAYCENT/daycent_sites/sites/Ghosh_2006/somsc_check/somsc_timeseries_exp.png,True,/Users/mac/DAYCENT/daycent_sites/sites/Ghosh_2006/somsc_check/observed_vs_modeled_somsc.png,False,/Users/mac/DAYCENT/daycent_sites/sites/Ghosh_2006/biomass_check/observed_vs_modeled_biomass.png,False,/Users/mac/DAYCENT/daycent_sites/sites/Ghosh_2006/n2o_check/observed_vs_modeled_n2o.png,False
Ghosh_2017,/Users/mac/DAYCENT/daycent_sites/sites/Ghosh_2017,/Users/mac/DAYCENT/daycent_sites/sites/Ghosh_2017/somsc_check/somsc_check_summary.txt,/Users/mac/DAYCENT/daycent_sites/sites/Ghosh_2017/biomass_check/biomass_check_summary.txt,/Users/mac/DAYCENT/daycent_sites/sites/Ghosh_2017/n2o_check/n2o_check_summary.txt,RESULT: OK for Calibration - No major discrepancies found.,RESULT: CANNOT ASSESS - No biomass/grain observations in the observation file.,RESULT: CANNOT ASSESS - No N2O flux observations in the observation file.,0,0,8,/Users/mac/DAYCENT/daycent_sites/sites/Ghosh_2017/somsc_check/somsc_timeseries_spinup.png,True,/Users/mac/DAYCENT/daycent_sites/sites/Ghosh_2017/somsc_check/somsc_timeseries_exp.png,True,/Users/mac/DAYCENT/daycent_sites/sites/Ghosh_2017/somsc_check/observed_vs_modeled_somsc.png,False,/Users/mac/DAYCENT/daycent_sites/sites/Ghosh_2017/biomass_check/observed_vs_modeled_biomass.png,False,/Users/mac/DAYCENT/daycent_sites/sites/Ghosh_2017/n2o_check/observed_vs_modeled_n2o.png,False
Ghosh_2018,/Users/mac/DAYCENT/daycent_sites/sites/Ghosh_2018,/Users/mac/DAYCENT/daycent_sites/sites/Ghosh_2018/somsc_check/somsc_check_summary.txt,/Users/mac/DAYCENT/daycent_sites/sites/Ghosh_2018/biomass_check/biomass_check_summary.txt,/Users/mac/DAYCENT/daycent_sites/sites/Ghosh_2018/n2o_check/n2o_check_summary.txt,RESULT: OK for Calibration - No major discrepancies found.,RESULT: NEEDS INVESTIGATION - Model below observation and/or invalid comparison rows (see Point-wise delta).,RESULT: CANNOT ASSESS - No N2O flux observations in the observation file.,0,6,8,/Users/mac/DAYCENT/daycent_sites/sites/Ghosh_2018/somsc_check/somsc_timeseries_spinup.png,True,/Users/mac/DAYCENT/daycent_sites/sites/Ghosh_2018/somsc_check/somsc_timeseries_exp.png,True,/Users/mac/DAYCENT/daycent_sites/sites/Ghosh_2018/somsc_check/observed_vs_modeled_somsc.png,False,/Users/mac/DAYCENT/daycent_sites/sites/Ghosh_2018/biomass_check/observed_vs_modeled_biomass.png,True,/Users/mac/DAYCENT/daycent_sites/sites/Ghosh_2018/n2o_check/observed_vs_modeled_n2o.png,False
Gopinath_2022,/Users/mac/DAYCENT/daycent_sites/sites/Gopinath_2022,/Users/mac/DAYCENT/daycent_sites/sites/Gopinath_2022/somsc_check/somsc_check_summary.txt,/Users/mac/DAYCENT/daycent_sites/sites/Gopinath_2022/biomass_check/biomass_check_summary.txt,/Users/mac/DAYCENT/daycent_sites/sites/Gopinath_2022/n2o_check/n2o_check_summary.txt,RESULT: OK for Calibration - No major discrepancies found.,RESULT: CANNOT ASSESS - No biomass/grain observations in the observation file.,RESULT: CANNOT ASSESS - No N2O flux observations in the observation file.,0,9,11,/Users/mac/DAYCENT/daycent_sites/sites/Gopinath_2022/somsc_check/somsc_timeseries_spinup.png,True,/Users/mac/DAYCENT/daycent_sites/sites/Gopinath_2022/somsc_check/somsc_timeseries_exp.png,True,/Users/mac/DAYCENT/daycent_sites/sites/Gopinath_2022/somsc_check/observed_vs_modeled_somsc.png,True,/Users/mac/DAYCENT/daycent_sites/sites/Gopinath_2022/biomass_check/observed_vs_modeled_biomass.png,False,/Users/mac/DAYCENT/daycent_sites/sites/Gopinath_2022/n2o_check/observed_vs_modeled_n2o.png,False
Govindasamy_2020,/Users/mac/DAYCENT/daycent_sites/sites/Govindasamy_2020,/Users/mac/DAYCENT/daycent_sites/sites/Govindasamy_2020/somsc_check/somsc_check_summary.txt,/Users/mac/DAYCENT/daycent_sites/sites/Govindasamy_2020/biomass_check/biomass_check_summary.txt,/Users/mac/DAYCENT/daycent_sites/sites/Govindasamy_2020/n2o_check/n2o_check_summary.txt,RESULT: OK for Calibration - No major discrepancies found.,RESULT: CANNOT ASSESS - 'averaged_biomass_comparison.csv' was not found.,RESULT: CANNOT ASSESS - No N2O flux observations in the observation file.,0,2,4,/Users/mac/DAYCENT/daycent_sites/sites/Govindasamy_2020/somsc_check/somsc_timeseries_spinup.png,True,/Users/mac/DAYCENT/daycent_sites/sites/Govindasamy_2020/somsc_check/somsc_timeseries_exp.png,True,/Users/mac/DAYCENT/daycent_sites/sites/Govindasamy_2020/somsc_check/observed_vs_modeled_somsc.png,True,/Users/mac/DAYCENT/daycent_sites/sites/Govindasamy_2020/biomass_check/observed_vs_modeled_biomass.png,False,/Users/mac/DAYCENT/daycent_sites/sites/Govindasamy_2020/n2o_check/observed_vs_modeled_n2o.png,False
Gudadhe_2015_reformatted,/Users/mac/DAYCENT/daycent_sites/sites/Gudadhe_2015_reformatted,/Users/mac/DAYCENT/daycent_sites/sites/Gudadhe_2015_reformatted/somsc_check/somsc_check_summary.txt,/Users/mac/DAYCENT/daycent_sites/sites/Gudadhe_2015_reformatted/biomass_check/biomass_check_summary.txt,/Users/mac/DAYCENT/daycent_sites/sites/Gudadhe_2015_reformatted/n2o_check/n2o_check_summary.txt,RESULT: OK for Calibration - No major discrepancies found.,RESULT: CANNOT ASSESS - 'averaged_biomass_comparison.csv' was not found.,RESULT: CANNOT ASSESS - No N2O flux observations in the observation file.,0,28,30,/Users/mac/DAYCENT/daycent_sites/sites/Gudadhe_2015_reformatted/somsc_check/somsc_timeseries_spinup.png,True,/Users/mac/DAYCENT/daycent_sites/sites/Gudadhe_2015_reformatted/somsc_check/somsc_timeseries_exp.png,True,/Users/mac/DAYCENT/daycent_sites/sites/Gudadhe_2015_reformatted/somsc_check/observed_vs_modeled_somsc.png,True,/Users/mac/DAYCENT/daycent_sites/sites/Gudadhe_2015_reformatted/biomass_check/observed_vs_modeled_biomass.png,False,/Users/mac/DAYCENT/daycent_sites/sites/Gudadhe_2015_reformatted/n2o_check/observed_vs_modeled_n2o.png,False
Hati_2015_reformatted,/Users/mac/DAYCENT/daycent_sites/sites/Hati_2015_reformatted,/Users/mac/DAYCENT/daycent_sites/sites/Hati_2015_reformatted/somsc_check/somsc_check_summary.txt,/Users/mac/DAYCENT/daycent_sites/sites/Hati_2015_reformatted/biomass_check/biomass_check_summary.txt,/Users/mac/DAYCENT/daycent_sites/sites/Hati_2015_reformatted/n2o_check/n2o_check_summary.txt,RESULT: OK for Calibration - No major discrepancies found.,RESULT: CANNOT ASSESS - 'averaged_biomass_comparison.csv' was not found.,RESULT: CANNOT ASSESS - No N2O flux observations in the observation file.,0,10,12,/Users/mac/DAYCENT/daycent_sites/sites/Hati_2015_reformatted/somsc_check/somsc_timeseries_spinup.png,True,/Users/mac/DAYCENT/daycent_sites/sites/Hati_2015_reformatted/somsc_check/somsc_timeseries_exp.png,True,/Users/mac/DAYCENT/daycent_sites/sites/Hati_2015_reformatted/somsc_check/observed_vs_modeled_somsc.png,True,/Users/mac/DAYCENT/daycent_sites/sites/Hati_2015_reformatted/biomass_check/observed_vs_modeled_biomass.png,False,/Users/mac/DAYCENT/daycent_sites/sites/Hati_2015_reformatted/n2o_check/observed_vs_modeled_n2o.png,False
Hazra_2019,/Users/mac/DAYCENT/daycent_sites/sites/Hazra_2019,/Users/mac/DAYCENT/daycent_sites/sites/Hazra_2019/somsc_check/somsc_check_summary.txt,/Users/mac/DAYCENT/daycent_sites/sites/Hazra_2019/biomass_check/biomass_check_summary.txt,/Users/mac/DAYCENT/daycent_sites/sites/Hazra_2019/n2o_check/n2o_check_summary.txt,RESULT: OK for Calibration - No major discrepancies found.,RESULT: CANNOT ASSESS - No biomass/grain observations in the observation file.,RESULT: CANNOT ASSESS - No N2O flux observations in the observation file.,0,12,14,/Users/mac/DAYCENT/daycent_sites/sites/Hazra_2019/somsc_check/somsc_timeseries_spinup.png,True,/Users/mac/DAYCENT/daycent_sites/sites/Hazra_2019/somsc_check/somsc_timeseries_exp.png,True,/Users/mac/DAYCENT/daycent_sites/sites/Hazra_2019/somsc_check/observed_vs_modeled_somsc.png,True,/Users/mac/DAYCENT/daycent_sites/sites/Hazra_2019/biomass_check/observed_vs_modeled_biomass.png,False,/Users/mac/DAYCENT/daycent_sites/sites/Hazra_2019/n2o_check/observed_vs_modeled_n2o.png,False
Ishaq_2002_reformatted,/Users/mac/DAYCENT/daycent_sites/sites/Ishaq_2002_reformatted,/Users/mac/DAYCENT/daycent_sites/sites/Ishaq_2002_reformatted/somsc_check/somsc_check_summary.txt,/Users/mac/DAYCENT/daycent_sites/sites/Ishaq_2002_reformatted/biomass_check/biomass_check_summary.txt,/Users/mac/DAYCENT/daycent_sites/sites/Ishaq_2002_reformatted/n2o_check/n2o_check_summary.txt,RESULT: OK for Calibration - No major discrepancies found.,RESULT: NEEDS INVESTIGATION - Model below observation and/or invalid comparison rows (see Point-wise delta).,RESULT: CANNOT ASSESS - No N2O flux observations in the observation file.,0,9,11,/Users/mac/DAYCENT/daycent_sites/sites/Ishaq_2002_reformatted/somsc_check/somsc_timeseries_spinup.png,True,/Users/mac/DAYCENT/daycent_sites/sites/Ishaq_2002_reformatted/somsc_check/somsc_timeseries_exp.png,True,/Users/mac/DAYCENT/daycent_sites/sites/Ishaq_2002_reformatted/somsc_check/observed_vs_modeled_somsc.png,True,/Users/mac/DAYCENT/daycent_sites/sites/Ishaq_2002_reformatted/biomass_check/observed_vs_modeled_biomass.png,True,/Users/mac/DAYCENT/daycent_sites/sites/Ishaq_2002_reformatted/n2o_check/observed_vs_modeled_n2o.png,False
Jain_2018,/Users/mac/DAYCENT/daycent_sites/sites/Jain_2018,/Users/mac/DAYCENT/daycent_sites/sites/Jain_2018/somsc_check/somsc_check_summary.txt,/Users/mac/DAYCENT/daycent_sites/sites/Jain_2018/biomass_check/biomass_check_summary.txt,/Users/mac/DAYCENT/daycent_sites/sites/Jain_2018/n2o_check/n2o_check_summary.txt,RESULT: OK for Calibration - No major discrepancies found.,RESULT: CANNOT ASSESS - No biomass/grain observations in the observation file.,RESULT: CANNOT ASSESS - No N2O flux observations in the observation file.,0,11,13,/Users/mac/DAYCENT/daycent_sites/sites/Jain_2018/somsc_check/somsc_timeseries_spinup.png,True,/Users/mac/DAYCENT/daycent_sites/sites/Jain_2018/somsc_check/somsc_timeseries_exp.png,True,/Users/mac/DAYCENT/daycent_sites/sites/Jain_2018/somsc_check/observed_vs_modeled_somsc.png,True,/Users/mac/DAYCENT/daycent_sites/sites/Jain_2018/biomass_check/observed_vs_modeled_biomass.png,False,/Users/mac/DAYCENT/daycent_sites/sites/Jain_2018/n2o_check/observed_vs_modeled_n2o.png,False
Jat_2024,/Users/mac/DAYCENT/daycent_sites/sites/Jat_2024,/Users/mac/DAYCENT/daycent_sites/sites/Jat_2024/somsc_check/somsc_check_summary.txt,/Users/mac/DAYCENT/daycent_sites/sites/Jat_2024/biomass_check/biomass_check_summary.txt,/Users/mac/DAYCENT/daycent_sites/sites/Jat_2024/n2o_check/n2o_check_summary.txt,RESULT: OK for Calibration - No major discrepancies found.,RESULT: CANNOT ASSESS - No biomass/grain observations in the observation file.,RESULT: CANNOT ASSESS - No N2O flux observations in the observation file.,0,0,20,/Users/mac/DAYCENT/daycent_sites/sites/Jat_2024/somsc_check/somsc_timeseries_spinup.png,True,/Users/mac/DAYCENT/daycent_sites/sites/Jat_2024/somsc_check/somsc_timeseries_exp.png,True,/Users/mac/DAYCENT/daycent_sites/sites/Jat_2024/somsc_check/observed_vs_modeled_somsc.png,False,/Users/mac/DAYCENT/daycent_sites/sites/Jat_2024/biomass_check/observed_vs_modeled_biomass.png,False,/Users/mac/DAYCENT/daycent_sites/sites/Jat_2024/n2o_check/observed_vs_modeled_n2o.png,False
Jayaraman_2020,/Users/mac/DAYCENT/daycent_sites/sites/Jayaraman_2020,/Users/mac/DAYCENT/daycent_sites/sites/Jayaraman_2020/somsc_check/somsc_check_summary.txt,/Users/mac/DAYCENT/daycent_sites/sites/Jayaraman_2020/biomass_check/biomass_check_summary.txt,/Users/mac/DAYCENT/daycent_sites/sites/Jayaraman_2020/n2o_check/n2o_check_summary.txt,RESULT: OK for Calibration - No major discrepancies found.,RESULT: CANNOT ASSESS - No biomass/grain observations in the observation file.,RESULT: CANNOT ASSESS - No N2O flux observations in the observation file.,0,8,10,/Users/mac/DAYCENT/daycent_sites/sites/Jayaraman_2020/somsc_check/somsc_timeseries_spinup.png,True,/Users/mac/DAYCENT/daycent_sites/sites/Jayaraman_2020/somsc_check/somsc_timeseries_exp.png,True,/Users/mac/DAYCENT/daycent_sites/sites/Jayaraman_2020/somsc_check/observed_vs_modeled_somsc.png,True,/Users/mac/DAYCENT/daycent_sites/sites/Jayaraman_2020/biomass_check/observed_vs_modeled_biomass.png,False,/Users/mac/DAYCENT/daycent_sites/sites/Jayaraman_2020/n2o_check/observed_vs_modeled_n2o.png,False
Jayaraman_2022_reformatted,/Users/mac/DAYCENT/daycent_sites/sites/Jayaraman_2022_reformatted,/Users/mac/DAYCENT/daycent_sites/sites/Jayaraman_2022_reformatted/somsc_check/somsc_check_summary.txt,/Users/mac/DAYCENT/daycent_sites/sites/Jayaraman_2022_reformatted/biomass_check/biomass_check_summary.txt,/Users/mac/DAYCENT/daycent_sites/sites/Jayaraman_2022_reformatted/n2o_check/n2o_check_summary.txt,RESULT: OK for Calibration - No major discrepancies found.,RESULT: CANNOT ASSESS - No biomass/grain observations in the observation file.,RESULT: CANNOT ASSESS - No N2O flux observations in the observation file.,0,6,8,/Users/mac/DAYCENT/daycent_sites/sites/Jayaraman_2022_reformatted/somsc_check/somsc_timeseries_spinup.png,True,/Users/mac/DAYCENT/daycent_sites/sites/Jayaraman_2022_reformatted/somsc_check/somsc_timeseries_exp.png,True,/Users/mac/DAYCENT/daycent_sites/sites/Jayaraman_2022_reformatted/somsc_check/observed_vs_modeled_somsc.png,True,/Users/mac/DAYCENT/daycent_sites/sites/Jayaraman_2022_reformatted/biomass_check/observed_vs_modeled_biomass.png,False,/Users/mac/DAYCENT/daycent_sites/sites/Jayaraman_2022_reformatted/n2o_check/observed_vs_modeled_n2o.png,False
Joseph_2023a_reformatted,/Users/mac/DAYCENT/daycent_sites/sites/Joseph_2023a_reformatted,/Users/mac/DAYCENT/daycent_sites/sites/Joseph_2023a_reformatted/somsc_check/somsc_check_summary.txt,/Users/mac/DAYCENT/daycent_sites/sites/Joseph_2023a_reformatted/biomass_check/biomass_check_summary.txt,/Users/mac/DAYCENT/daycent_sites/sites/Joseph_2023a_reformatted/n2o_check/n2o_check_summary.txt,RESULT: OK for Calibration - No major discrepancies found.,RESULT: NEEDS INVESTIGATION - Model below observation and/or invalid comparison rows (see Point-wise delta).,RESULT: CANNOT ASSESS - No N2O flux observations in the observation file.,0,5,7,/Users/mac/DAYCENT/daycent_sites/sites/Joseph_2023a_reformatted/somsc_check/somsc_timeseries_spinup.png,True,/Users/mac/DAYCENT/daycent_sites/sites/Joseph_2023a_reformatted/somsc_check/somsc_timeseries_exp.png,True,/Users/mac/DAYCENT/daycent_sites/sites/Joseph_2023a_reformatted/somsc_check/observed_vs_modeled_somsc.png,True,/Users/mac/DAYCENT/daycent_sites/sites/Joseph_2023a_reformatted/biomass_check/observed_vs_modeled_biomass.png,True,/Users/mac/DAYCENT/daycent_sites/sites/Joseph_2023a_reformatted/n2o_check/observed_vs_modeled_n2o.png,False
Joseph_2023b_reformatted,/Users/mac/DAYCENT/daycent_sites/sites/Joseph_2023b_reformatted,/Users/mac/DAYCENT/daycent_sites/sites/Joseph_2023b_reformatted/somsc_check/somsc_check_summary.txt,/Users/mac/DAYCENT/daycent_sites/sites/Joseph_2023b_reformatted/biomass_check/biomass_check_summary.txt,/Users/mac/DAYCENT/daycent_sites/sites/Joseph_2023b_reformatted/n2o_check/n2o_check_summary.txt,RESULT: OK for Calibration - No major discrepancies found.,RESULT: CANNOT ASSESS - No biomass/grain observations in the observation file.,RESULT: CANNOT ASSESS - No N2O flux observations in the observation file.,0,3,5,/Users/mac/DAYCENT/daycent_sites/sites/Joseph_2023b_reformatted/somsc_check/somsc_timeseries_spinup.png,True,/Users/mac/DAYCENT/daycent_sites/sites/Joseph_2023b_reformatted/somsc_check/somsc_timeseries_exp.png,True,/Users/mac/DAYCENT/daycent_sites/sites/Joseph_2023b_reformatted/somsc_check/observed_vs_modeled_somsc.png,True,/Users/mac/DAYCENT/daycent_sites/sites/Joseph_2023b_reformatted/biomass_check/observed_vs_modeled_biomass.png,False,/Users/mac/DAYCENT/daycent_sites/sites/Joseph_2023b_reformatted/n2o_check/observed_vs_modeled_n2o.png,False
Kalyani_2019,/Users/mac/DAYCENT/daycent_sites/sites/Kalyani_2019,/Users/mac/DAYCENT/daycent_sites/sites/Kalyani_2019/somsc_check/somsc_check_summary.txt,/Users/mac/DAYCENT/daycent_sites/sites/Kalyani_2019/biomass_check/biomass_check_summary.txt,/Users/mac/DAYCENT/daycent_sites/sites/Kalyani_2019/n2o_check/n2o_check_summary.txt,RESULT: OK for Calibration - No major discrepancies found.,RESULT: NEEDS INVESTIGATION - Model below observation and/or invalid comparison rows (see Point-wise delta).,RESULT: CANNOT ASSESS - No N2O flux observations in the observation file.,0,6,8,/Users/mac/DAYCENT/daycent_sites/sites/Kalyani_2019/somsc_check/somsc_timeseries_spinup.png,True,/Users/mac/DAYCENT/daycent_sites/sites/Kalyani_2019/somsc_check/somsc_timeseries_exp.png,True,/Users/mac/DAYCENT/daycent_sites/sites/Kalyani_2019/somsc_check/observed_vs_modeled_somsc.png,True,/Users/mac/DAYCENT/daycent_sites/sites/Kalyani_2019/biomass_check/observed_vs_modeled_biomass.png,True,/Users/mac/DAYCENT/daycent_sites/sites/Kalyani_2019/n2o_check/observed_vs_modeled_n2o.png,False
Kanchikerimath_2001_reformatted,/Users/mac/DAYCENT/daycent_sites/sites/Kanchikerimath_2001_reformatted,/Users/mac/DAYCENT/daycent_sites/sites/Kanchikerimath_2001_reformatted/somsc_check/somsc_check_summary.txt,/Users/mac/DAYCENT/daycent_sites/sites/Kanchikerimath_2001_reformatted/biomass_check/biomass_check_summary.txt,/Users/mac/DAYCENT/daycent_sites/sites/Kanchikerimath_2001_reformatted/n2o_check/n2o_check_summary.txt,RESULT: OK for Calibration - No major discrepancies found.,RESULT: CANNOT ASSESS - No biomass/grain observations in the observation file.,RESULT: CANNOT ASSESS - No N2O flux observations in the observation file.,0,5,7,/Users/mac/DAYCENT/daycent_sites/sites/Kanchikerimath_2001_reformatted/somsc_check/somsc_timeseries_spinup.png,True,/Users/mac/DAYCENT/daycent_sites/sites/Kanchikerimath_2001_reformatted/somsc_check/somsc_timeseries_exp.png,True,/Users/mac/DAYCENT/daycent_sites/sites/Kanchikerimath_2001_reformatted/somsc_check/observed_vs_modeled_somsc.png,True,/Users/mac/DAYCENT/daycent_sites/sites/Kanchikerimath_2001_reformatted/biomass_check/observed_vs_modeled_biomass.png,False,/Users/mac/DAYCENT/daycent_sites/sites/Kanchikerimath_2001_reformatted/n2o_check/observed_vs_modeled_n2o.png,False
Karunakaran_2013,/Users/mac/DAYCENT/daycent_sites/sites/Karunakaran_2013,/Users/mac/DAYCENT/daycent_sites/sites/Karunakaran_2013/somsc_check/somsc_check_summary.txt,/Users/mac/DAYCENT/daycent_sites/sites/Karunakaran_2013/biomass_check/biomass_check_summary.txt,/Users/mac/DAYCENT/daycent_sites/sites/Karunakaran_2013/n2o_check/n2o_check_summary.txt,RESULT: OK for Calibration - No major discrepancies found.,RESULT: CANNOT ASSESS - 'averaged_biomass_comparison.csv' was not found.,RESULT: CANNOT ASSESS - No N2O flux observations in the observation file.,0,16,18,/Users/mac/DAYCENT/daycent_sites/sites/Karunakaran_2013/somsc_check/somsc_timeseries_spinup.png,True,/Users/mac/DAYCENT/daycent_sites/sites/Karunakaran_2013/somsc_check/somsc_timeseries_exp.png,True,/Users/mac/DAYCENT/daycent_sites/sites/Karunakaran_2013/somsc_check/observed_vs_modeled_somsc.png,False,/Users/mac/DAYCENT/daycent_sites/sites/Karunakaran_2013/biomass_check/observed_vs_modeled_biomass.png,False,/Users/mac/DAYCENT/daycent_sites/sites/Karunakaran_2013/n2o_check/observed_vs_modeled_n2o.png,False
Khan_2021_reformatted,/Users/mac/DAYCENT/daycent_sites/sites/Khan_2021_reformatted,/Users/mac/DAYCENT/daycent_sites/sites/Khan_2021_reformatted/somsc_check/somsc_check_summary.txt,/Users/mac/DAYCENT/daycent_sites/sites/Khan_2021_reformatted/biomass_check/biomass_check_summary.txt,/Users/mac/DAYCENT/daycent_sites/sites/Khan_2021_reformatted/n2o_check/n2o_check_summary.txt,RESULT: OK for Calibration - No major discrepancies found.,RESULT: CANNOT ASSESS - 'averaged_biomass_comparison.csv' was not found.,,0,0,10,/Users/mac/DAYCENT/daycent_sites/sites/Khan_2021_reformatted/somsc_check/somsc_timeseries_spinup.png,True,/Users/mac/DAYCENT/daycent_sites/sites/Khan_2021_reformatted/somsc_check/somsc_timeseries_exp.png,True,/Users/mac/DAYCENT/daycent_sites/sites/Khan_2021_reformatted/somsc_check/observed_vs_modeled_somsc.png,False,/Users/mac/DAYCENT/daycent_sites/sites/Khan_2021_reformatted/biomass_check/observed_vs_modeled_biomass.png,False,/Users/mac/DAYCENT/daycent_sites/sites/Khan_2021_reformatted/n2o_check/observed_vs_modeled_n2o.png,False
Khokhar_2022,/Users/mac/DAYCENT/daycent_sites/sites/Khokhar_2022,/Users/mac/DAYCENT/daycent_sites/sites/Khokhar_2022/somsc_check/somsc_check_summary.txt,/Users/mac/DAYCENT/daycent_sites/sites/Khokhar_2022/biomass_check/biomass_check_summary.txt,/Users/mac/DAYCENT/daycent_sites/sites/Khokhar_2022/n2o_check/n2o_check_summary.txt,RESULT: OK for Calibration - No major discrepancies found.,RESULT: CANNOT ASSESS - 'averaged_biomass_comparison.csv' was not found.,RESULT: CANNOT ASSESS - No N2O flux observations in the observation file.,0,6,8,/Users/mac/DAYCENT/daycent_sites/sites/Khokhar_2022/somsc_check/somsc_timeseries_spinup.png,True,/Users/mac/DAYCENT/daycent_sites/sites/Khokhar_2022/somsc_check/somsc_timeseries_exp.png,True,/Users/mac/DAYCENT/daycent_sites/sites/Khokhar_2022/somsc_check/observed_vs_modeled_somsc.png,True,/Users/mac/DAYCENT/daycent_sites/sites/Khokhar_2022/biomass_check/observed_vs_modeled_biomass.png,False,/Users/mac/DAYCENT/daycent_sites/sites/Khokhar_2022/n2o_check/observed_vs_modeled_n2o.png,False
Kumar_2016,/Users/mac/DAYCENT/daycent_sites/sites/Kumar_2016,/Users/mac/DAYCENT/daycent_sites/sites/Kumar_2016/somsc_check/somsc_check_summary.txt,/Users/mac/DAYCENT/daycent_sites/sites/Kumar_2016/biomass_check/biomass_check_summary.txt,/Users/mac/DAYCENT/daycent_sites/sites/Kumar_2016/n2o_check/n2o_check_summary.txt,RESULT: OK for Calibration - No major discrepancies found.,RESULT: CANNOT ASSESS - No biomass/grain observations in the observation file.,RESULT: CANNOT ASSESS - No N2O flux observations in the observation file.,0,16,18,/Users/mac/DAYCENT/daycent_sites/sites/Kumar_2016/somsc_check/somsc_timeseries_spinup.png,True,/Users/mac/DAYCENT/daycent_sites/sites/Kumar_2016/somsc_check/somsc_timeseries_exp.png,True,/Users/mac/DAYCENT/daycent_sites/sites/Kumar_2016/somsc_check/observed_vs_modeled_somsc.png,True,/Users/mac/DAYCENT/daycent_sites/sites/Kumar_2016/biomass_check/observed_vs_modeled_biomass.png,False,/Users/mac/DAYCENT/daycent_sites/sites/Kumar_2016/n2o_check/observed_vs_modeled_n2o.png,False
Kumar_2017,/Users/mac/DAYCENT/daycent_sites/sites/Kumar_2017,/Users/mac/DAYCENT/daycent_sites/sites/Kumar_2017/somsc_check/somsc_check_summary.txt,/Users/mac/DAYCENT/daycent_sites/sites/Kumar_2017/biomass_check/biomass_check_summary.txt,/Users/mac/DAYCENT/daycent_sites/sites/Kumar_2017/n2o_check/n2o_check_summary.txt,RESULT: OK for Calibration - No major discrepancies found.,RESULT: CANNOT ASSESS - No biomass/grain observations in the observation file.,RESULT: CANNOT ASSESS - No N2O flux observations in the observation file.,0,8,10,/Users/mac/DAYCENT/daycent_sites/sites/Kumar_2017/somsc_check/somsc_timeseries_spinup.png,True,/Users/mac/DAYCENT/daycent_sites/sites/Kumar_2017/somsc_check/somsc_timeseries_exp.png,True,/Users/mac/DAYCENT/daycent_sites/sites/Kumar_2017/somsc_check/observed_vs_modeled_somsc.png,False,/Users/mac/DAYCENT/daycent_sites/sites/Kumar_2017/biomass_check/observed_vs_modeled_biomass.png,False,/Users/mac/DAYCENT/daycent_sites/sites/Kumar_2017/n2o_check/observed_vs_modeled_n2o.png,False
Kumar_2022,/Users/mac/DAYCENT/daycent_sites/sites/Kumar_2022,/Users/mac/DAYCENT/daycent_sites/sites/Kumar_2022/somsc_check/somsc_check_summary.txt,/Users/mac/DAYCENT/daycent_sites/sites/Kumar_2022/biomass_check/biomass_check_summary.txt,/Users/mac/DAYCENT/daycent_sites/sites/Kumar_2022/n2o_check/n2o_check_summary.txt,RESULT: OK for Calibration - No major discrepancies found.,RESULT: CANNOT ASSESS - No biomass/grain observations in the observation file.,RESULT: CANNOT ASSESS - No N2O flux observations in the observation file.,0,0,11,/Users/mac/DAYCENT/daycent_sites/sites/Kumar_2022/somsc_check/somsc_timeseries_spinup.png,True,/Users/mac/DAYCENT/daycent_sites/sites/Kumar_2022/somsc_check/somsc_timeseries_exp.png,True,/Users/mac/DAYCENT/daycent_sites/sites/Kumar_2022/somsc_check/observed_vs_modeled_somsc.png,False,/Users/mac/DAYCENT/daycent_sites/sites/Kumar_2022/biomass_check/observed_vs_modeled_biomass.png,False,/Users/mac/DAYCENT/daycent_sites/sites/Kumar_2022/n2o_check/observed_vs_modeled_n2o.png,False
Kundu_2013,/Users/mac/DAYCENT/daycent_sites/sites/Kundu_2013,/Users/mac/DAYCENT/daycent_sites/sites/Kundu_2013/somsc_check/somsc_check_summary.txt,/Users/mac/DAYCENT/daycent_sites/sites/Kundu_2013/biomass_check/biomass_check_summary.txt,/Users/mac/DAYCENT/daycent_sites/sites/Kundu_2013/n2o_check/n2o_check_summary.txt,RESULT: OK for Calibration - No major discrepancies found.,RESULT: CANNOT ASSESS - 'averaged_biomass_comparison.csv' was not found.,RESULT: CANNOT ASSESS - No N2O flux observations in the observation file.,0,0,18,/Users/mac/DAYCENT/daycent_sites/sites/Kundu_2013/somsc_check/somsc_timeseries_spinup.png,True,/Users/mac/DAYCENT/daycent_sites/sites/Kundu_2013/somsc_check/somsc_timeseries_exp.png,True,/Users/mac/DAYCENT/daycent_sites/sites/Kundu_2013/somsc_check/observed_vs_modeled_somsc.png,False,/Users/mac/DAYCENT/daycent_sites/sites/Kundu_2013/biomass_check/observed_vs_modeled_biomass.png,False,/Users/mac/DAYCENT/daycent_sites/sites/Kundu_2013/n2o_check/observed_vs_modeled_n2o.png,False
Laskhman_2024,/Users/mac/DAYCENT/daycent_sites/sites/Laskhman_2024,/Users/mac/DAYCENT/daycent_sites/sites/Laskhman_2024/somsc_check/somsc_check_summary.txt,/Users/mac/DAYCENT/daycent_sites/sites/Laskhman_2024/biomass_check/biomass_check_summary.txt,/Users/mac/DAYCENT/daycent_sites/sites/Laskhman_2024/n2o_check/n2o_check_summary.txt,RESULT: OK for Calibration - No major discrepancies found.,RESULT: CANNOT ASSESS - 'averaged_biomass_comparison.csv' was not found.,RESULT: CANNOT ASSESS - No N2O flux observations in the observation file.,0,4,6,/Users/mac/DAYCENT/daycent_sites/sites/Laskhman_2024/somsc_check/somsc_timeseries_spinup.png,True,/Users/mac/DAYCENT/daycent_sites/sites/Laskhman_2024/somsc_check/somsc_timeseries_exp.png,True,/Users/mac/DAYCENT/daycent_sites/sites/Laskhman_2024/somsc_check/observed_vs_modeled_somsc.png,False,/Users/mac/DAYCENT/daycent_sites/sites/Laskhman_2024/biomass_check/observed_vs_modeled_biomass.png,False,/Users/mac/DAYCENT/daycent_sites/sites/Laskhman_2024/n2o_check/observed_vs_modeled_n2o.png,False
Lenka_2016,/Users/mac/DAYCENT/daycent_sites/sites/Lenka_2016,/Users/mac/DAYCENT/daycent_sites/sites/Lenka_2016/somsc_check/somsc_check_summary.txt,/Users/mac/DAYCENT/daycent_sites/sites/Lenka_2016/biomass_check/biomass_check_summary.txt,/Users/mac/DAYCENT/daycent_sites/sites/Lenka_2016/n2o_check/n2o_check_summary.txt,RESULT: OK for Calibration - No major discrepancies found.,RESULT: CANNOT ASSESS - 'averaged_biomass_comparison.csv' was not found.,RESULT: OK for Calibration - All points have simulated >= observed (no shortfalls).,3,3,5,/Users/mac/DAYCENT/daycent_sites/sites/Lenka_2016/somsc_check/somsc_timeseries_spinup.png,True,/Users/mac/DAYCENT/daycent_sites/sites/Lenka_2016/somsc_check/somsc_timeseries_exp.png,True,/Users/mac/DAYCENT/daycent_sites/sites/Lenka_2016/somsc_check/observed_vs_modeled_somsc.png,True,/Users/mac/DAYCENT/daycent_sites/sites/Lenka_2016/biomass_check/observed_vs_modeled_biomass.png,False,/Users/mac/DAYCENT/daycent_sites/sites/Lenka_2016/n2o_check/observed_vs_modeled_n2o.png,True
Lenka_2022,/Users/mac/DAYCENT/daycent_sites/sites/Lenka_2022,/Users/mac/DAYCENT/daycent_sites/sites/Lenka_2022/somsc_check/somsc_check_summary.txt,/Users/mac/DAYCENT/daycent_sites/sites/Lenka_2022/biomass_check/biomass_check_summary.txt,/Users/mac/DAYCENT/daycent_sites/sites/Lenka_2022/n2o_check/n2o_check_summary.txt,RESULT: OK for Calibration - No major discrepancies found.,RESULT: CANNOT ASSESS - 'averaged_biomass_comparison.csv' was not found.,RESULT: OK for Calibration - All points have simulated >= observed (no shortfalls).,6,6,8,/Users/mac/DAYCENT/daycent_sites/sites/Lenka_2022/somsc_check/somsc_timeseries_spinup.png,True,/Users/mac/DAYCENT/daycent_sites/sites/Lenka_2022/somsc_check/somsc_timeseries_exp.png,True,/Users/mac/DAYCENT/daycent_sites/sites/Lenka_2022/somsc_check/observed_vs_modeled_somsc.png,False,/Users/mac/DAYCENT/daycent_sites/sites/Lenka_2022/biomass_check/observed_vs_modeled_biomass.png,False,/Users/mac/DAYCENT/daycent_sites/sites/Lenka_2022/n2o_check/observed_vs_modeled_n2o.png,True
Locke_2012,/Users/mac/DAYCENT/daycent_sites/sites/Locke_2012,/Users/mac/DAYCENT/daycent_sites/sites/Locke_2012/somsc_check/somsc_check_summary.txt,/Users/mac/DAYCENT/daycent_sites/sites/Locke_2012/biomass_check/biomass_check_summary.txt,/Users/mac/DAYCENT/daycent_sites/sites/Locke_2012/n2o_check/n2o_check_summary.txt,RESULT: OK for Calibration - No major discrepancies found.,RESULT: CANNOT ASSESS - No biomass/grain observations in the observation file.,RESULT: CANNOT ASSESS - No N2O flux observations in the observation file.,6,0,8,/Users/mac/DAYCENT/daycent_sites/sites/Locke_2012/somsc_check/somsc_timeseries_spinup.png,True,/Users/mac/DAYCENT/daycent_sites/sites/Locke_2012/somsc_check/somsc_timeseries_exp.png,True,/Users/mac/DAYCENT/daycent_sites/sites/Locke_2012/somsc_check/observed_vs_modeled_somsc.png,True,/Users/mac/DAYCENT/daycent_sites/sites/Locke_2012/biomass_check/observed_vs_modeled_biomass.png,False,/Users/mac/DAYCENT/daycent_sites/sites/Locke_2012/n2o_check/observed_vs_modeled_n2o.png,False
Lv_2021,/Users/mac/DAYCENT/daycent_sites/sites/Lv_2021,/Users/mac/DAYCENT/daycent_sites/sites/Lv_2021/somsc_check/somsc_check_summary.txt,/Users/mac/DAYCENT/daycent_sites/sites/Lv_2021/biomass_check/biomass_check_summary.txt,/Users/mac/DAYCENT/daycent_sites/sites/Lv_2021/n2o_check/n2o_check_summary.txt,RESULT: OK for Calibration - No major discrepancies found.,RESULT: CANNOT ASSESS - 'averaged_biomass_comparison.csv' was not found.,RESULT: OK for Calibration - All points have simulated >= observed (no shortfalls).,5,5,7,/Users/mac/DAYCENT/daycent_sites/sites/Lv_2021/somsc_check/somsc_timeseries_spinup.png,True,/Users/mac/DAYCENT/daycent_sites/sites/Lv_2021/somsc_check/somsc_timeseries_exp.png,True,/Users/mac/DAYCENT/daycent_sites/sites/Lv_2021/somsc_check/observed_vs_modeled_somsc.png,False,/Users/mac/DAYCENT/daycent_sites/sites/Lv_2021/biomass_check/observed_vs_modeled_biomass.png,False,/Users/mac/DAYCENT/daycent_sites/sites/Lv_2021/n2o_check/observed_vs_modeled_n2o.png,True
Ma_2021,/Users/mac/DAYCENT/daycent_sites/sites/Ma_2021,/Users/mac/DAYCENT/daycent_sites/sites/Ma_2021/somsc_check/somsc_check_summary.txt,/Users/mac/DAYCENT/daycent_sites/sites/Ma_2021/biomass_check/biomass_check_summary.txt,/Users/mac/DAYCENT/daycent_sites/sites/Ma_2021/n2o_check/n2o_check_summary.txt,RESULT: OK for Calibration - No major discrepancies found.,RESULT: NEEDS INVESTIGATION - Model below observation and/or invalid comparison rows (see Point-wise delta).,RESULT: OK for Calibration - All points have simulated >= observed (no shortfalls).,5,5,7,/Users/mac/DAYCENT/daycent_sites/sites/Ma_2021/somsc_check/somsc_timeseries_spinup.png,True,/Users/mac/DAYCENT/daycent_sites/sites/Ma_2021/somsc_check/somsc_timeseries_exp.png,True,/Users/mac/DAYCENT/daycent_sites/sites/Ma_2021/somsc_check/observed_vs_modeled_somsc.png,False,/Users/mac/DAYCENT/daycent_sites/sites/Ma_2021/biomass_check/observed_vs_modeled_biomass.png,True,/Users/mac/DAYCENT/daycent_sites/sites/Ma_2021/n2o_check/observed_vs_modeled_n2o.png,True
Manna_2013,/Users/mac/DAYCENT/daycent_sites/sites/Manna_2013,/Users/mac/DAYCENT/daycent_sites/sites/Manna_2013/somsc_check/somsc_check_summary.txt,/Users/mac/DAYCENT/daycent_sites/sites/Manna_2013/biomass_check/biomass_check_summary.txt,/Users/mac/DAYCENT/daycent_sites/sites/Manna_2013/n2o_check/n2o_check_summary.txt,RESULT: OK for Calibration - No major discrepancies found.,RESULT: CANNOT ASSESS - No biomass/grain observations in the observation file.,RESULT: CANNOT ASSESS - No N2O flux observations in the observation file.,0,0,7,/Users/mac/DAYCENT/daycent_sites/sites/Manna_2013/somsc_check/somsc_timeseries_spinup.png,True,/Users/mac/DAYCENT/daycent_sites/sites/Manna_2013/somsc_check/somsc_timeseries_exp.png,True,/Users/mac/DAYCENT/daycent_sites/sites/Manna_2013/somsc_check/observed_vs_modeled_somsc.png,True,/Users/mac/DAYCENT/daycent_sites/sites/Manna_2013/biomass_check/observed_vs_modeled_biomass.png,False,/Users/mac/DAYCENT/daycent_sites/sites/Manna_2013/n2o_check/observed_vs_modeled_n2o.png,False
Meena_2015,/Users/mac/DAYCENT/daycent_sites/sites/Meena_2015,/Users/mac/DAYCENT/daycent_sites/sites/Meena_2015/somsc_check/somsc_check_summary.txt,/Users/mac/DAYCENT/daycent_sites/sites/Meena_2015/biomass_check/biomass_check_summary.txt,/Users/mac/DAYCENT/daycent_sites/sites/Meena_2015/n2o_check/n2o_check_summary.txt,RESULT: OK for Calibration - No major discrepancies found.,RESULT: CANNOT ASSESS - 'averaged_biomass_comparison.csv' was not found.,RESULT: CANNOT ASSESS - No N2O flux observations in the observation file.,0,16,18,/Users/mac/DAYCENT/daycent_sites/sites/Meena_2015/somsc_check/somsc_timeseries_spinup.png,True,/Users/mac/DAYCENT/daycent_sites/sites/Meena_2015/somsc_check/somsc_timeseries_exp.png,True,/Users/mac/DAYCENT/daycent_sites/sites/Meena_2015/somsc_check/observed_vs_modeled_somsc.png,True,/Users/mac/DAYCENT/daycent_sites/sites/Meena_2015/biomass_check/observed_vs_modeled_biomass.png,False,/Users/mac/DAYCENT/daycent_sites/sites/Meena_2015/n2o_check/observed_vs_modeled_n2o.png,False
Meena_2023,/Users/mac/DAYCENT/daycent_sites/sites/Meena_2023,/Users/mac/DAYCENT/daycent_sites/sites/Meena_2023/somsc_check/somsc_check_summary.txt,/Users/mac/DAYCENT/daycent_sites/sites/Meena_2023/biomass_check/biomass_check_summary.txt,/Users/mac/DAYCENT/daycent_sites/sites/Meena_2023/n2o_check/n2o_check_summary.txt,RESULT: OK for Calibration - No major discrepancies found.,RESULT: CANNOT ASSESS - 'averaged_biomass_comparison.csv' was not found.,,0,0,7,/Users/mac/DAYCENT/daycent_sites/sites/Meena_2023/somsc_check/somsc_timeseries_spinup.png,True,/Users/mac/DAYCENT/daycent_sites/sites/Meena_2023/somsc_check/somsc_timeseries_exp.png,True,/Users/mac/DAYCENT/daycent_sites/sites/Meena_2023/somsc_check/observed_vs_modeled_somsc.png,False,/Users/mac/DAYCENT/daycent_sites/sites/Meena_2023/biomass_check/observed_vs_modeled_biomass.png,False,/Users/mac/DAYCENT/daycent_sites/sites/Meena_2023/n2o_check/observed_vs_modeled_n2o.png,False
Meena_2024,/Users/mac/DAYCENT/daycent_sites/sites/Meena_2024,/Users/mac/DAYCENT/daycent_sites/sites/Meena_2024/somsc_check/somsc_check_summary.txt,/Users/mac/DAYCENT/daycent_sites/sites/Meena_2024/biomass_check/biomass_check_summary.txt,/Users/mac/DAYCENT/daycent_sites/sites/Meena_2024/n2o_check/n2o_check_summary.txt,RESULT: OK for Calibration - No major discrepancies found.,RESULT: CANNOT ASSESS - No biomass/grain observations in the observation file.,RESULT: CANNOT ASSESS - No N2O flux observations in the observation file.,0,0,7,/Users/mac/DAYCENT/daycent_sites/sites/Meena_2024/somsc_check/somsc_timeseries_spinup.png,True,/Users/mac/DAYCENT/daycent_sites/sites/Meena_2024/somsc_check/somsc_timeseries_exp.png,True,/Users/mac/DAYCENT/daycent_sites/sites/Meena_2024/somsc_check/observed_vs_modeled_somsc.png,False,/Users/mac/DAYCENT/daycent_sites/sites/Meena_2024/biomass_check/observed_vs_modeled_biomass.png,False,/Users/mac/DAYCENT/daycent_sites/sites/Meena_2024/n2o_check/observed_vs_modeled_n2o.png,False
Moharana_2017,/Users/mac/DAYCENT/daycent_sites/sites/Moharana_2017,/Users/mac/DAYCENT/daycent_sites/sites/Moharana_2017/somsc_check/somsc_check_summary.txt,/Users/mac/DAYCENT/daycent_sites/sites/Moharana_2017/biomass_check/biomass_check_summary.txt,/Users/mac/DAYCENT/daycent_sites/sites/Moharana_2017/n2o_check/n2o_check_summary.txt,RESULT: OK for Calibration - No major discrepancies found.,RESULT: CANNOT ASSESS - No biomass/grain observations in the observation file.,RESULT: CANNOT ASSESS - No N2O flux observations in the observation file.,0,5,7,/Users/mac/DAYCENT/daycent_sites/sites/Moharana_2017/somsc_check/somsc_timeseries_spinup.png,True,/Users/mac/DAYCENT/daycent_sites/sites/Moharana_2017/somsc_check/somsc_timeseries_exp.png,True,/Users/mac/DAYCENT/daycent_sites/sites/Moharana_2017/somsc_check/observed_vs_modeled_somsc.png,False,/Users/mac/DAYCENT/daycent_sites/sites/Moharana_2017/biomass_check/observed_vs_modeled_biomass.png,False,/Users/mac/DAYCENT/daycent_sites/sites/Moharana_2017/n2o_check/observed_vs_modeled_n2o.png,False
Monsefi_2014,/Users/mac/DAYCENT/daycent_sites/sites/Monsefi_2014,/Users/mac/DAYCENT/daycent_sites/sites/Monsefi_2014/somsc_check/somsc_check_summary.txt,/Users/mac/DAYCENT/daycent_sites/sites/Monsefi_2014/biomass_check/biomass_check_summary.txt,/Users/mac/DAYCENT/daycent_sites/sites/Monsefi_2014/n2o_check/n2o_check_summary.txt,RESULT: OK for Calibration - No major discrepancies found.,RESULT: CANNOT ASSESS - 'averaged_biomass_comparison.csv' was not found.,RESULT: CANNOT ASSESS - No N2O flux observations in the observation file.,0,12,14,/Users/mac/DAYCENT/daycent_sites/sites/Monsefi_2014/somsc_check/somsc_timeseries_spinup.png,True,/Users/mac/DAYCENT/daycent_sites/sites/Monsefi_2014/somsc_check/somsc_timeseries_exp.png,True,/Users/mac/DAYCENT/daycent_sites/sites/Monsefi_2014/somsc_check/observed_vs_modeled_somsc.png,True,/Users/mac/DAYCENT/daycent_sites/sites/Monsefi_2014/biomass_check/observed_vs_modeled_biomass.png,False,/Users/mac/DAYCENT/daycent_sites/sites/Monsefi_2014/n2o_check/observed_vs_modeled_n2o.png,False
Nath_2022,/Users/mac/DAYCENT/daycent_sites/sites/Nath_2022,/Users/mac/DAYCENT/daycent_sites/sites/Nath_2022/somsc_check/somsc_check_summary.txt,/Users/mac/DAYCENT/daycent_sites/sites/Nath_2022/biomass_check/biomass_check_summary.txt,/Users/mac/DAYCENT/daycent_sites/sites/Nath_2022/n2o_check/n2o_check_summary.txt,RESULT: OK for Calibration - No major discrepancies found.,RESULT: CANNOT ASSESS - 'averaged_biomass_comparison.csv' was not found.,RESULT: CANNOT ASSESS - Comparison CSV not found.,4,0,6,/Users/mac/DAYCENT/daycent_sites/sites/Nath_2022/somsc_check/somsc_timeseries_spinup.png,True,/Users/mac/DAYCENT/daycent_sites/sites/Nath_2022/somsc_check/somsc_timeseries_exp.png,True,/Users/mac/DAYCENT/daycent_sites/sites/Nath_2022/somsc_check/observed_vs_modeled_somsc.png,False,/Users/mac/DAYCENT/daycent_sites/sites/Nath_2022/biomass_check/observed_vs_modeled_biomass.png,False,/Users/mac/DAYCENT/daycent_sites/sites/Nath_2022/n2o_check/observed_vs_modeled_n2o.png,False
Pandian_2016,/Users/mac/DAYCENT/daycent_sites/sites/Pandian_2016,/Users/mac/DAYCENT/daycent_sites/sites/Pandian_2016/somsc_check/somsc_check_summary.txt,/Users/mac/DAYCENT/daycent_sites/sites/Pandian_2016/biomass_check/biomass_check_summary.txt,/Users/mac/DAYCENT/daycent_sites/sites/Pandian_2016/n2o_check/n2o_check_summary.txt,RESULT: OK for Calibration - No major discrepancies found.,RESULT: NEEDS INVESTIGATION - Model below observation and/or invalid comparison rows (see Point-wise delta).,RESULT: CANNOT ASSESS - No N2O flux observations in the observation file.,0,9,11,/Users/mac/DAYCENT/daycent_sites/sites/Pandian_2016/somsc_check/somsc_timeseries_spinup.png,True,/Users/mac/DAYCENT/daycent_sites/sites/Pandian_2016/somsc_check/somsc_timeseries_exp.png,True,/Users/mac/DAYCENT/daycent_sites/sites/Pandian_2016/somsc_check/observed_vs_modeled_somsc.png,True,/Users/mac/DAYCENT/daycent_sites/sites/Pandian_2016/biomass_check/observed_vs_modeled_biomass.png,True,/Users/mac/DAYCENT/daycent_sites/sites/Pandian_2016/n2o_check/observed_vs_modeled_n2o.png,False
Parihar_2016_reformatted,/Users/mac/DAYCENT/daycent_sites/sites/Parihar_2016_reformatted,/Users/mac/DAYCENT/daycent_sites/sites/Parihar_2016_reformatted/somsc_check/somsc_check_summary.txt,/Users/mac/DAYCENT/daycent_sites/sites/Parihar_2016_reformatted/biomass_check/biomass_check_summary.txt,/Users/mac/DAYCENT/daycent_sites/sites/Parihar_2016_reformatted/n2o_check/n2o_check_summary.txt,RESULT: OK for Calibration - No major discrepancies found.,RESULT: CANNOT ASSESS - No biomass/grain observations in the observation file.,,0,0,14,/Users/mac/DAYCENT/daycent_sites/sites/Parihar_2016_reformatted/somsc_check/somsc_timeseries_spinup.png,True,/Users/mac/DAYCENT/daycent_sites/sites/Parihar_2016_reformatted/somsc_check/somsc_timeseries_exp.png,True,/Users/mac/DAYCENT/daycent_sites/sites/Parihar_2016_reformatted/somsc_check/observed_vs_modeled_somsc.png,False,/Users/mac/DAYCENT/daycent_sites/sites/Parihar_2016_reformatted/biomass_check/observed_vs_modeled_biomass.png,False,/Users/mac/DAYCENT/daycent_sites/sites/Parihar_2016_reformatted/n2o_check/observed_vs_modeled_n2o.png,False
Parihar_2018_reformatted,/Users/mac/DAYCENT/daycent_sites/sites/Parihar_2018_reformatted,/Users/mac/DAYCENT/daycent_sites/sites/Parihar_2018_reformatted/somsc_check/somsc_check_summary.txt,/Users/mac/DAYCENT/daycent_sites/sites/Parihar_2018_reformatted/biomass_check/biomass_check_summary.txt,/Users/mac/DAYCENT/daycent_sites/sites/Parihar_2018_reformatted/n2o_check/n2o_check_summary.txt,RESULT: OK for Calibration - No major discrepancies found.,RESULT: CANNOT ASSESS - No biomass/grain observations in the observation file.,RESULT: OK for Calibration - All points have simulated >= observed (no shortfalls).,12,0,14,/Users/mac/DAYCENT/daycent_sites/sites/Parihar_2018_reformatted/somsc_check/somsc_timeseries_spinup.png,True,/Users/mac/DAYCENT/daycent_sites/sites/Parihar_2018_reformatted/somsc_check/somsc_timeseries_exp.png,True,/Users/mac/DAYCENT/daycent_sites/sites/Parihar_2018_reformatted/somsc_check/observed_vs_modeled_somsc.png,True,/Users/mac/DAYCENT/daycent_sites/sites/Parihar_2018_reformatted/biomass_check/observed_vs_modeled_biomass.png,False,/Users/mac/DAYCENT/daycent_sites/sites/Parihar_2018_reformatted/n2o_check/observed_vs_modeled_n2o.png,True
Pathak_2021,/Users/mac/DAYCENT/daycent_sites/sites/Pathak_2021,/Users/mac/DAYCENT/daycent_sites/sites/Pathak_2021/somsc_check/somsc_check_summary.txt,/Users/mac/DAYCENT/daycent_sites/sites/Pathak_2021/biomass_check/biomass_check_summary.txt,/Users/mac/DAYCENT/daycent_sites/sites/Pathak_2021/n2o_check/n2o_check_summary.txt,RESULT: OK for Calibration - No major discrepancies found.,RESULT: CANNOT ASSESS - No biomass/grain observations in the observation file.,RESULT: CANNOT ASSESS - No N2O flux observations in the observation file.,0,1,3,/Users/mac/DAYCENT/daycent_sites/sites/Pathak_2021/somsc_check/somsc_timeseries_spinup.png,True,/Users/mac/DAYCENT/daycent_sites/sites/Pathak_2021/somsc_check/somsc_timeseries_exp.png,True,/Users/mac/DAYCENT/daycent_sites/sites/Pathak_2021/somsc_check/observed_vs_modeled_somsc.png,True,/Users/mac/DAYCENT/daycent_sites/sites/Pathak_2021/biomass_check/observed_vs_modeled_biomass.png,False,/Users/mac/DAYCENT/daycent_sites/sites/Pathak_2021/n2o_check/observed_vs_modeled_n2o.png,False
Peng_peng_2019_reformatted,/Users/mac/DAYCENT/daycent_sites/sites/Peng_peng_2019_reformatted,/Users/mac/DAYCENT/daycent_sites/sites/Peng_peng_2019_reformatted/somsc_check/somsc_check_summary.txt,/Users/mac/DAYCENT/daycent_sites/sites/Peng_peng_2019_reformatted/biomass_check/biomass_check_summary.txt,/Users/mac/DAYCENT/daycent_sites/sites/Peng_peng_2019_reformatted/n2o_check/n2o_check_summary.txt,RESULT: OK for Calibration - No major discrepancies found.,RESULT: CANNOT ASSESS - No biomass/grain observations in the observation file.,RESULT: CANNOT ASSESS - No N2O flux observations in the observation file.,0,6,8,/Users/mac/DAYCENT/daycent_sites/sites/Peng_peng_2019_reformatted/somsc_check/somsc_timeseries_spinup.png,True,/Users/mac/DAYCENT/daycent_sites/sites/Peng_peng_2019_reformatted/somsc_check/somsc_timeseries_exp.png,True,/Users/mac/DAYCENT/daycent_sites/sites/Peng_peng_2019_reformatted/somsc_check/observed_vs_modeled_somsc.png,False,/Users/mac/DAYCENT/daycent_sites/sites/Peng_peng_2019_reformatted/biomass_check/observed_vs_modeled_biomass.png,False,/Users/mac/DAYCENT/daycent_sites/sites/Peng_peng_2019_reformatted/n2o_check/observed_vs_modeled_n2o.png,False
Pooniya_2021,/Users/mac/DAYCENT/daycent_sites/sites/Pooniya_2021,/Users/mac/DAYCENT/daycent_sites/sites/Pooniya_2021/somsc_check/somsc_check_summary.txt,/Users/mac/DAYCENT/daycent_sites/sites/Pooniya_2021/biomass_check/biomass_check_summary.txt,/Users/mac/DAYCENT/daycent_sites/sites/Pooniya_2021/n2o_check/n2o_check_summary.txt,RESULT: OK for Calibration - No major discrepancies found.,RESULT: CANNOT ASSESS - 'averaged_biomass_comparison.csv' was not found.,RESULT: CANNOT ASSESS - No N2O flux observations in the observation file.,0,9,11,/Users/mac/DAYCENT/daycent_sites/sites/Pooniya_2021/somsc_check/somsc_timeseries_spinup.png,True,/Users/mac/DAYCENT/daycent_sites/sites/Pooniya_2021/somsc_check/somsc_timeseries_exp.png,True,/Users/mac/DAYCENT/daycent_sites/sites/Pooniya_2021/somsc_check/observed_vs_modeled_somsc.png,True,/Users/mac/DAYCENT/daycent_sites/sites/Pooniya_2021/biomass_check/observed_vs_modeled_biomass.png,False,/Users/mac/DAYCENT/daycent_sites/sites/Pooniya_2021/n2o_check/observed_vs_modeled_n2o.png,False
Purakayastha_2008_reformatted,/Users/mac/DAYCENT/daycent_sites/sites/Purakayastha_2008_reformatted,/Users/mac/DAYCENT/daycent_sites/sites/Purakayastha_2008_reformatted/somsc_check/somsc_check_summary.txt,/Users/mac/DAYCENT/daycent_sites/sites/Purakayastha_2008_reformatted/biomass_check/biomass_check_summary.txt,/Users/mac/DAYCENT/daycent_sites/sites/Purakayastha_2008_reformatted/n2o_check/n2o_check_summary.txt,RESULT: OK for Calibration - No major discrepancies found.,RESULT: CANNOT ASSESS - No biomass/grain observations in the observation file.,RESULT: CANNOT ASSESS - No N2O flux observations in the observation file.,0,5,7,/Users/mac/DAYCENT/daycent_sites/sites/Purakayastha_2008_reformatted/somsc_check/somsc_timeseries_spinup.png,True,/Users/mac/DAYCENT/daycent_sites/sites/Purakayastha_2008_reformatted/somsc_check/somsc_timeseries_exp.png,True,/Users/mac/DAYCENT/daycent_sites/sites/Purakayastha_2008_reformatted/somsc_check/observed_vs_modeled_somsc.png,True,/Users/mac/DAYCENT/daycent_sites/sites/Purakayastha_2008_reformatted/biomass_check/observed_vs_modeled_biomass.png,False,/Users/mac/DAYCENT/daycent_sites/sites/Purakayastha_2008_reformatted/n2o_check/observed_vs_modeled_n2o.png,False
Rafique_2012_awagat_reformatted,/Users/mac/DAYCENT/daycent_sites/sites/Rafique_2012_awagat_reformatted,/Users/mac/DAYCENT/daycent_sites/sites/Rafique_2012_awagat_reformatted/somsc_check/somsc_check_summary.txt,/Users/mac/DAYCENT/daycent_sites/sites/Rafique_2012_awagat_reformatted/biomass_check/biomass_check_summary.txt,/Users/mac/DAYCENT/daycent_sites/sites/Rafique_2012_awagat_reformatted/n2o_check/n2o_check_summary.txt,RESULT: OK for Calibration - No major discrepancies found.,RESULT: CANNOT ASSESS - 'averaged_biomass_comparison.csv' was not found.,,0,0,18,/Users/mac/DAYCENT/daycent_sites/sites/Rafique_2012_awagat_reformatted/somsc_check/somsc_timeseries_spinup.png,True,/Users/mac/DAYCENT/daycent_sites/sites/Rafique_2012_awagat_reformatted/somsc_check/somsc_timeseries_exp.png,True,/Users/mac/DAYCENT/daycent_sites/sites/Rafique_2012_awagat_reformatted/somsc_check/observed_vs_modeled_somsc.png,False,/Users/mac/DAYCENT/daycent_sites/sites/Rafique_2012_awagat_reformatted/biomass_check/observed_vs_modeled_biomass.png,False,/Users/mac/DAYCENT/daycent_sites/sites/Rafique_2012_awagat_reformatted/n2o_check/observed_vs_modeled_n2o.png,False
Rafique_2012_shahpur_reformatted,/Users/mac/DAYCENT/daycent_sites/sites/Rafique_2012_shahpur_reformatted,/Users/mac/DAYCENT/daycent_sites/sites/Rafique_2012_shahpur_reformatted/somsc_check/somsc_check_summary.txt,/Users/mac/DAYCENT/daycent_sites/sites/Rafique_2012_shahpur_reformatted/biomass_check/biomass_check_summary.txt,/Users/mac/DAYCENT/daycent_sites/sites/Rafique_2012_shahpur_reformatted/n2o_check/n2o_check_summary.txt,RESULT: OK for Calibration - No major discrepancies found.,RESULT: CANNOT ASSESS - 'averaged_biomass_comparison.csv' was not found.,,0,0,18,/Users/mac/DAYCENT/daycent_sites/sites/Rafique_2012_shahpur_reformatted/somsc_check/somsc_timeseries_spinup.png,True,/Users/mac/DAYCENT/daycent_sites/sites/Rafique_2012_shahpur_reformatted/somsc_check/somsc_timeseries_exp.png,True,/Users/mac/DAYCENT/daycent_sites/sites/Rafique_2012_shahpur_reformatted/somsc_check/observed_vs_modeled_somsc.png,False,/Users/mac/DAYCENT/daycent_sites/sites/Rafique_2012_shahpur_reformatted/biomass_check/observed_vs_modeled_biomass.png,False,/Users/mac/DAYCENT/daycent_sites/sites/Rafique_2012_shahpur_reformatted/n2o_check/observed_vs_modeled_n2o.png,False
Ram_2013,/Users/mac/DAYCENT/daycent_sites/sites/Ram_2013,/Users/mac/DAYCENT/daycent_sites/sites/Ram_2013/somsc_check/somsc_check_summary.txt,/Users/mac/DAYCENT/daycent_sites/sites/Ram_2013/biomass_check/biomass_check_summary.txt,/Users/mac/DAYCENT/daycent_sites/sites/Ram_2013/n2o_check/n2o_check_summary.txt,RESULT: OK for Calibration - No major discrepancies found.,RESULT: CANNOT ASSESS - 'averaged_biomass_comparison.csv' was not found.,RESULT: CANNOT ASSESS - No N2O flux observations in the observation file.,0,8,10,/Users/mac/DAYCENT/daycent_sites/sites/Ram_2013/somsc_check/somsc_timeseries_spinup.png,True,/Users/mac/DAYCENT/daycent_sites/sites/Ram_2013/somsc_check/somsc_timeseries_exp.png,True,/Users/mac/DAYCENT/daycent_sites/sites/Ram_2013/somsc_check/observed_vs_modeled_somsc.png,True,/Users/mac/DAYCENT/daycent_sites/sites/Ram_2013/biomass_check/observed_vs_modeled_biomass.png,False,/Users/mac/DAYCENT/daycent_sites/sites/Ram_2013/n2o_check/observed_vs_modeled_n2o.png,False
Ramu_2024_Alfisol,/Users/mac/DAYCENT/daycent_sites/sites/Ramu_2024_Alfisol,/Users/mac/DAYCENT/daycent_sites/sites/Ramu_2024_Alfisol/somsc_check/somsc_check_summary.txt,/Users/mac/DAYCENT/daycent_sites/sites/Ramu_2024_Alfisol/biomass_check/biomass_check_summary.txt,/Users/mac/DAYCENT/daycent_sites/sites/Ramu_2024_Alfisol/n2o_check/n2o_check_summary.txt,RESULT: OK for Calibration - No major discrepancies found.,RESULT: CANNOT ASSESS - No biomass/grain observations in the observation file.,RESULT: OK for Calibration - All points have simulated >= observed (no shortfalls).,2,0,4,/Users/mac/DAYCENT/daycent_sites/sites/Ramu_2024_Alfisol/somsc_check/somsc_timeseries_spinup.png,True,/Users/mac/DAYCENT/daycent_sites/sites/Ramu_2024_Alfisol/somsc_check/somsc_timeseries_exp.png,True,/Users/mac/DAYCENT/daycent_sites/sites/Ramu_2024_Alfisol/somsc_check/observed_vs_modeled_somsc.png,False,/Users/mac/DAYCENT/daycent_sites/sites/Ramu_2024_Alfisol/biomass_check/observed_vs_modeled_biomass.png,False,/Users/mac/DAYCENT/daycent_sites/sites/Ramu_2024_Alfisol/n2o_check/observed_vs_modeled_n2o.png,True
Ramu_2024_vertisol,/Users/mac/DAYCENT/daycent_sites/sites/Ramu_2024_vertisol,/Users/mac/DAYCENT/daycent_sites/sites/Ramu_2024_vertisol/somsc_check/somsc_check_summary.txt,/Users/mac/DAYCENT/daycent_sites/sites/Ramu_2024_vertisol/biomass_check/biomass_check_summary.txt,/Users/mac/DAYCENT/daycent_sites/sites/Ramu_2024_vertisol/n2o_check/n2o_check_summary.txt,RESULT: OK for Calibration - No major discrepancies found.,RESULT: CANNOT ASSESS - No biomass/grain observations in the observation file.,RESULT: OK for Calibration - All points have simulated >= observed (no shortfalls).,2,0,4,/Users/mac/DAYCENT/daycent_sites/sites/Ramu_2024_vertisol/somsc_check/somsc_timeseries_spinup.png,True,/Users/mac/DAYCENT/daycent_sites/sites/Ramu_2024_vertisol/somsc_check/somsc_timeseries_exp.png,True,/Users/mac/DAYCENT/daycent_sites/sites/Ramu_2024_vertisol/somsc_check/observed_vs_modeled_somsc.png,False,/Users/mac/DAYCENT/daycent_sites/sites/Ramu_2024_vertisol/biomass_check/observed_vs_modeled_biomass.png,False,/Users/mac/DAYCENT/daycent_sites/sites/Ramu_2024_vertisol/n2o_check/observed_vs_modeled_n2o.png,True
Rudrappa_2006_reformatted,/Users/mac/DAYCENT/daycent_sites/sites/Rudrappa_2006_reformatted,/Users/mac/DAYCENT/daycent_sites/sites/Rudrappa_2006_reformatted/somsc_check/somsc_check_summary.txt,/Users/mac/DAYCENT/daycent_sites/sites/Rudrappa_2006_reformatted/biomass_check/biomass_check_summary.txt,/Users/mac/DAYCENT/daycent_sites/sites/Rudrappa_2006_reformatted/n2o_check/n2o_check_summary.txt,RESULT: OK for Calibration - No major discrepancies found.,RESULT: CANNOT ASSESS - No biomass/grain observations in the observation file.,RESULT: CANNOT ASSESS - No N2O flux observations in the observation file.,0,5,7,/Users/mac/DAYCENT/daycent_sites/sites/Rudrappa_2006_reformatted/somsc_check/somsc_timeseries_spinup.png,True,/Users/mac/DAYCENT/daycent_sites/sites/Rudrappa_2006_reformatted/somsc_check/somsc_timeseries_exp.png,True,/Users/mac/DAYCENT/daycent_sites/sites/Rudrappa_2006_reformatted/somsc_check/observed_vs_modeled_somsc.png,True,/Users/mac/DAYCENT/daycent_sites/sites/Rudrappa_2006_reformatted/biomass_check/observed_vs_modeled_biomass.png,False,/Users/mac/DAYCENT/daycent_sites/sites/Rudrappa_2006_reformatted/n2o_check/observed_vs_modeled_n2o.png,False
Saha_2010,/Users/mac/DAYCENT/daycent_sites/sites/Saha_2010,/Users/mac/DAYCENT/daycent_sites/sites/Saha_2010/somsc_check/somsc_check_summary.txt,/Users/mac/DAYCENT/daycent_sites/sites/Saha_2010/biomass_check/biomass_check_summary.txt,/Users/mac/DAYCENT/daycent_sites/sites/Saha_2010/n2o_check/n2o_check_summary.txt,RESULT: OK for Calibration - No major discrepancies found.,RESULT: CANNOT ASSESS - 'averaged_biomass_comparison.csv' was not found.,RESULT: CANNOT ASSESS - No N2O flux observations in the observation file.,0,0,2,/Users/mac/DAYCENT/daycent_sites/sites/Saha_2010/somsc_check/somsc_timeseries_spinup.png,True,/Users/mac/DAYCENT/daycent_sites/sites/Saha_2010/somsc_check/somsc_timeseries_exp.png,False,/Users/mac/DAYCENT/daycent_sites/sites/Saha_2010/somsc_check/observed_vs_modeled_somsc.png,False,/Users/mac/DAYCENT/daycent_sites/sites/Saha_2010/biomass_check/observed_vs_modeled_biomass.png,False,/Users/mac/DAYCENT/daycent_sites/sites/Saha_2010/n2o_check/observed_vs_modeled_n2o.png,False
Saha_2013,/Users/mac/DAYCENT/daycent_sites/sites/Saha_2013,/Users/mac/DAYCENT/daycent_sites/sites/Saha_2013/somsc_check/somsc_check_summary.txt,/Users/mac/DAYCENT/daycent_sites/sites/Saha_2013/biomass_check/biomass_check_summary.txt,/Users/mac/DAYCENT/daycent_sites/sites/Saha_2013/n2o_check/n2o_check_summary.txt,RESULT: OK for Calibration - No major discrepancies found.,RESULT: CANNOT ASSESS - 'averaged_biomass_comparison.csv' was not found.,RESULT: CANNOT ASSESS - No N2O flux observations in the observation file.,0,12,14,/Users/mac/DAYCENT/daycent_sites/sites/Saha_2013/somsc_check/somsc_timeseries_spinup.png,True,/Users/mac/DAYCENT/daycent_sites/sites/Saha_2013/somsc_check/somsc_timeseries_exp.png,True,/Users/mac/DAYCENT/daycent_sites/sites/Saha_2013/somsc_check/observed_vs_modeled_somsc.png,True,/Users/mac/DAYCENT/daycent_sites/sites/Saha_2013/biomass_check/observed_vs_modeled_biomass.png,False,/Users/mac/DAYCENT/daycent_sites/sites/Saha_2013/n2o_check/observed_vs_modeled_n2o.png,False
Sankar_2011,/Users/mac/DAYCENT/daycent_sites/sites/Sankar_2011,/Users/mac/DAYCENT/daycent_sites/sites/Sankar_2011/somsc_check/somsc_check_summary.txt,/Users/mac/DAYCENT/daycent_sites/sites/Sankar_2011/biomass_check/biomass_check_summary.txt,/Users/mac/DAYCENT/daycent_sites/sites/Sankar_2011/n2o_check/n2o_check_summary.txt,RESULT: OK for Calibration - No major discrepancies found.,RESULT: CANNOT ASSESS - 'averaged_biomass_comparison.csv' was not found.,,0,0,12,/Users/mac/DAYCENT/daycent_sites/sites/Sankar_2011/somsc_check/somsc_timeseries_spinup.png,True,/Users/mac/DAYCENT/daycent_sites/sites/Sankar_2011/somsc_check/somsc_timeseries_exp.png,True,/Users/mac/DAYCENT/daycent_sites/sites/Sankar_2011/somsc_check/observed_vs_modeled_somsc.png,False,/Users/mac/DAYCENT/daycent_sites/sites/Sankar_2011/biomass_check/observed_vs_modeled_biomass.png,False,/Users/mac/DAYCENT/daycent_sites/sites/Sankar_2011/n2o_check/observed_vs_modeled_n2o.png,False
Sankar_2014_reformatted,/Users/mac/DAYCENT/daycent_sites/sites/Sankar_2014_reformatted,/Users/mac/DAYCENT/daycent_sites/sites/Sankar_2014_reformatted/somsc_check/somsc_check_summary.txt,/Users/mac/DAYCENT/daycent_sites/sites/Sankar_2014_reformatted/biomass_check/biomass_check_summary.txt,/Users/mac/DAYCENT/daycent_sites/sites/Sankar_2014_reformatted/n2o_check/n2o_check_summary.txt,RESULT: OK for Calibration - No major discrepancies found.,RESULT: NEEDS INVESTIGATION - Model below observation and/or invalid comparison rows (see Point-wise delta).,RESULT: CANNOT ASSESS - No N2O flux observations in the observation file.,0,8,10,/Users/mac/DAYCENT/daycent_sites/sites/Sankar_2014_reformatted/somsc_check/somsc_timeseries_spinup.png,True,/Users/mac/DAYCENT/daycent_sites/sites/Sankar_2014_reformatted/somsc_check/somsc_timeseries_exp.png,True,/Users/mac/DAYCENT/daycent_sites/sites/Sankar_2014_reformatted/somsc_check/observed_vs_modeled_somsc.png,False,/Users/mac/DAYCENT/daycent_sites/sites/Sankar_2014_reformatted/biomass_check/observed_vs_modeled_biomass.png,True,/Users/mac/DAYCENT/daycent_sites/sites/Sankar_2014_reformatted/n2o_check/observed_vs_modeled_n2o.png,False
Sathish_2018,/Users/mac/DAYCENT/daycent_sites/sites/Sathish_2018,/Users/mac/DAYCENT/daycent_sites/sites/Sathish_2018/somsc_check/somsc_check_summary.txt,/Users/mac/DAYCENT/daycent_sites/sites/Sathish_2018/biomass_check/biomass_check_summary.txt,/Users/mac/DAYCENT/daycent_sites/sites/Sathish_2018/n2o_check/n2o_check_summary.txt,RESULT: OK for Calibration - No major discrepancies found.,RESULT: CANNOT ASSESS - 'averaged_biomass_comparison.csv' was not found.,RESULT: CANNOT ASSESS - No N2O flux observations in the observation file.,5,0,7,/Users/mac/DAYCENT/daycent_sites/sites/Sathish_2018/somsc_check/somsc_timeseries_spinup.png,True,/Users/mac/DAYCENT/daycent_sites/sites/Sathish_2018/somsc_check/somsc_timeseries_exp.png,True,/Users/mac/DAYCENT/daycent_sites/sites/Sathish_2018/somsc_check/observed_vs_modeled_somsc.png,False,/Users/mac/DAYCENT/daycent_sites/sites/Sathish_2018/biomass_check/observed_vs_modeled_biomass.png,False,/Users/mac/DAYCENT/daycent_sites/sites/Sathish_2018/n2o_check/observed_vs_modeled_n2o.png,False
Shukla_2018,/Users/mac/DAYCENT/daycent_sites/sites/Shukla_2018,/Users/mac/DAYCENT/daycent_sites/sites/Shukla_2018/somsc_check/somsc_check_summary.txt,/Users/mac/DAYCENT/daycent_sites/sites/Shukla_2018/biomass_check/biomass_check_summary.txt,/Users/mac/DAYCENT/daycent_sites/sites/Shukla_2018/n2o_check/n2o_check_summary.txt,RESULT: OK for Calibration - No major discrepancies found.,RESULT: CANNOT ASSESS - No biomass/grain observations in the observation file.,,0,0,26,/Users/mac/DAYCENT/daycent_sites/sites/Shukla_2018/somsc_check/somsc_timeseries_spinup.png,True,/Users/mac/DAYCENT/daycent_sites/sites/Shukla_2018/somsc_check/somsc_timeseries_exp.png,True,/Users/mac/DAYCENT/daycent_sites/sites/Shukla_2018/somsc_check/observed_vs_modeled_somsc.png,False,/Users/mac/DAYCENT/daycent_sites/sites/Shukla_2018/biomass_check/observed_vs_modeled_biomass.png,False,/Users/mac/DAYCENT/daycent_sites/sites/Shukla_2018/n2o_check/observed_vs_modeled_n2o.png,False
Singh_2007,/Users/mac/DAYCENT/daycent_sites/sites/Singh_2007,/Users/mac/DAYCENT/daycent_sites/sites/Singh_2007/somsc_check/somsc_check_summary.txt,/Users/mac/DAYCENT/daycent_sites/sites/Singh_2007/biomass_check/biomass_check_summary.txt,/Users/mac/DAYCENT/daycent_sites/sites/Singh_2007/n2o_check/n2o_check_summary.txt,RESULT: OK for Calibration - No major discrepancies found.,RESULT: CANNOT ASSESS - 'averaged_biomass_comparison.csv' was not found.,RESULT: CANNOT ASSESS - No N2O flux observations in the observation file.,6,0,8,/Users/mac/DAYCENT/daycent_sites/sites/Singh_2007/somsc_check/somsc_timeseries_spinup.png,True,/Users/mac/DAYCENT/daycent_sites/sites/Singh_2007/somsc_check/somsc_timeseries_exp.png,True,/Users/mac/DAYCENT/daycent_sites/sites/Singh_2007/somsc_check/observed_vs_modeled_somsc.png,True,/Users/mac/DAYCENT/daycent_sites/sites/Singh_2007/biomass_check/observed_vs_modeled_biomass.png,False,/Users/mac/DAYCENT/daycent_sites/sites/Singh_2007/n2o_check/observed_vs_modeled_n2o.png,False
Singh_2024,/Users/mac/DAYCENT/daycent_sites/sites/Singh_2024,/Users/mac/DAYCENT/daycent_sites/sites/Singh_2024/somsc_check/somsc_check_summary.txt,/Users/mac/DAYCENT/daycent_sites/sites/Singh_2024/biomass_check/biomass_check_summary.txt,/Users/mac/DAYCENT/daycent_sites/sites/Singh_2024/n2o_check/n2o_check_summary.txt,RESULT: OK for Calibration - No major discrepancies found.,RESULT: CANNOT ASSESS - No biomass/grain observations in the observation file.,RESULT: CANNOT ASSESS - No N2O flux observations in the observation file.,0,16,18,/Users/mac/DAYCENT/daycent_sites/sites/Singh_2024/somsc_check/somsc_timeseries_spinup.png,True,/Users/mac/DAYCENT/daycent_sites/sites/Singh_2024/somsc_check/somsc_timeseries_exp.png,True,/Users/mac/DAYCENT/daycent_sites/sites/Singh_2024/somsc_check/observed_vs_modeled_somsc.png,True,/Users/mac/DAYCENT/daycent_sites/sites/Singh_2024/biomass_check/observed_vs_modeled_biomass.png,False,/Users/mac/DAYCENT/daycent_sites/sites/Singh_2024/n2o_check/observed_vs_modeled_n2o.png,False
Somasundaram_2018_reformatted,/Users/mac/DAYCENT/daycent_sites/sites/Somasundaram_2018_reformatted,/Users/mac/DAYCENT/daycent_sites/sites/Somasundaram_2018_reformatted/somsc_check/somsc_check_summary.txt,/Users/mac/DAYCENT/daycent_sites/sites/Somasundaram_2018_reformatted/biomass_check/biomass_check_summary.txt,/Users/mac/DAYCENT/daycent_sites/sites/Somasundaram_2018_reformatted/n2o_check/n2o_check_summary.txt,RESULT: OK for Calibration - No major discrepancies found.,RESULT: CANNOT ASSESS - No biomass/grain observations in the observation file.,RESULT: CANNOT ASSESS - No N2O flux observations in the observation file.,0,6,8,/Users/mac/DAYCENT/daycent_sites/sites/Somasundaram_2018_reformatted/somsc_check/somsc_timeseries_spinup.png,True,/Users/mac/DAYCENT/daycent_sites/sites/Somasundaram_2018_reformatted/somsc_check/somsc_timeseries_exp.png,True,/Users/mac/DAYCENT/daycent_sites/sites/Somasundaram_2018_reformatted/somsc_check/observed_vs_modeled_somsc.png,True,/Users/mac/DAYCENT/daycent_sites/sites/Somasundaram_2018_reformatted/biomass_check/observed_vs_modeled_biomass.png,False,/Users/mac/DAYCENT/daycent_sites/sites/Somasundaram_2018_reformatted/n2o_check/observed_vs_modeled_n2o.png,False
Somasundaram_2019_reformatted,/Users/mac/DAYCENT/daycent_sites/sites/Somasundaram_2019_reformatted,/Users/mac/DAYCENT/daycent_sites/sites/Somasundaram_2019_reformatted/somsc_check/somsc_check_summary.txt,/Users/mac/DAYCENT/daycent_sites/sites/Somasundaram_2019_reformatted/biomass_check/biomass_check_summary.txt,/Users/mac/DAYCENT/daycent_sites/sites/Somasundaram_2019_reformatted/n2o_check/n2o_check_summary.txt,RESULT: OK for Calibration - No major discrepancies found.,RESULT: CANNOT ASSESS - No biomass/grain observations in the observation file.,RESULT: CANNOT ASSESS - No N2O flux observations in the observation file.,0,8,10,/Users/mac/DAYCENT/daycent_sites/sites/Somasundaram_2019_reformatted/somsc_check/somsc_timeseries_spinup.png,True,/Users/mac/DAYCENT/daycent_sites/sites/Somasundaram_2019_reformatted/somsc_check/somsc_timeseries_exp.png,True,/Users/mac/DAYCENT/daycent_sites/sites/Somasundaram_2019_reformatted/somsc_check/observed_vs_modeled_somsc.png,True,/Users/mac/DAYCENT/daycent_sites/sites/Somasundaram_2019_reformatted/biomass_check/observed_vs_modeled_biomass.png,False,/Users/mac/DAYCENT/daycent_sites/sites/Somasundaram_2019_reformatted/n2o_check/observed_vs_modeled_n2o.png,False
Sonune_2021_reformatted,/Users/mac/DAYCENT/daycent_sites/sites/Sonune_2021_reformatted,/Users/mac/DAYCENT/daycent_sites/sites/Sonune_2021_reformatted/somsc_check/somsc_check_summary.txt,/Users/mac/DAYCENT/daycent_sites/sites/Sonune_2021_reformatted/biomass_check/biomass_check_summary.txt,/Users/mac/DAYCENT/daycent_sites/sites/Sonune_2021_reformatted/n2o_check/n2o_check_summary.txt,RESULT: OK for Calibration - No major discrepancies found.,RESULT: CANNOT ASSESS - 'averaged_biomass_comparison.csv' was not found.,RESULT: CANNOT ASSESS - No N2O flux observations in the observation file.,0,14,16,/Users/mac/DAYCENT/daycent_sites/sites/Sonune_2021_reformatted/somsc_check/somsc_timeseries_spinup.png,True,/Users/mac/DAYCENT/daycent_sites/sites/Sonune_2021_reformatted/somsc_check/somsc_timeseries_exp.png,True,/Users/mac/DAYCENT/daycent_sites/sites/Sonune_2021_reformatted/somsc_check/observed_vs_modeled_somsc.png,True,/Users/mac/DAYCENT/daycent_sites/sites/Sonune_2021_reformatted/biomass_check/observed_vs_modeled_biomass.png,False,/Users/mac/DAYCENT/daycent_sites/sites/Sonune_2021_reformatted/n2o_check/observed_vs_modeled_n2o.png,False
Srinivasarao_2012a,/Users/mac/DAYCENT/daycent_sites/sites/Srinivasarao_2012a,/Users/mac/DAYCENT/daycent_sites/sites/Srinivasarao_2012a/somsc_check/somsc_check_summary.txt,/Users/mac/DAYCENT/daycent_sites/sites/Srinivasarao_2012a/biomass_check/biomass_check_summary.txt,/Users/mac/DAYCENT/daycent_sites/sites/Srinivasarao_2012a/n2o_check/n2o_check_summary.txt,RESULT: OK for Calibration - No major discrepancies found.,RESULT: CANNOT ASSESS - No biomass/grain observations in the observation file.,RESULT: CANNOT ASSESS - No N2O flux observations in the observation file.,0,5,7,/Users/mac/DAYCENT/daycent_sites/sites/Srinivasarao_2012a/somsc_check/somsc_timeseries_spinup.png,True,/Users/mac/DAYCENT/daycent_sites/sites/Srinivasarao_2012a/somsc_check/somsc_timeseries_exp.png,True,/Users/mac/DAYCENT/daycent_sites/sites/Srinivasarao_2012a/somsc_check/observed_vs_modeled_somsc.png,True,/Users/mac/DAYCENT/daycent_sites/sites/Srinivasarao_2012a/biomass_check/observed_vs_modeled_biomass.png,False,/Users/mac/DAYCENT/daycent_sites/sites/Srinivasarao_2012a/n2o_check/observed_vs_modeled_n2o.png,False
Srinivasarao_2012b_reformatted,/Users/mac/DAYCENT/daycent_sites/sites/Srinivasarao_2012b_reformatted,/Users/mac/DAYCENT/daycent_sites/sites/Srinivasarao_2012b_reformatted/somsc_check/somsc_check_summary.txt,/Users/mac/DAYCENT/daycent_sites/sites/Srinivasarao_2012b_reformatted/biomass_check/biomass_check_summary.txt,/Users/mac/DAYCENT/daycent_sites/sites/Srinivasarao_2012b_reformatted/n2o_check/n2o_check_summary.txt,RESULT: OK for Calibration - No major discrepancies found.,RESULT: CANNOT ASSESS - No biomass/grain observations in the observation file.,RESULT: CANNOT ASSESS - No N2O flux observations in the observation file.,0,5,7,/Users/mac/DAYCENT/daycent_sites/sites/Srinivasarao_2012b_reformatted/somsc_check/somsc_timeseries_spinup.png,True,/Users/mac/DAYCENT/daycent_sites/sites/Srinivasarao_2012b_reformatted/somsc_check/somsc_timeseries_exp.png,True,/Users/mac/DAYCENT/daycent_sites/sites/Srinivasarao_2012b_reformatted/somsc_check/observed_vs_modeled_somsc.png,True,/Users/mac/DAYCENT/daycent_sites/sites/Srinivasarao_2012b_reformatted/biomass_check/observed_vs_modeled_biomass.png,False,/Users/mac/DAYCENT/daycent_sites/sites/Srinivasarao_2012b_reformatted/n2o_check/observed_vs_modeled_n2o.png,False
Srinivasarao_2012c,/Users/mac/DAYCENT/daycent_sites/sites/Srinivasarao_2012c,/Users/mac/DAYCENT/daycent_sites/sites/Srinivasarao_2012c/somsc_check/somsc_check_summary.txt,/Users/mac/DAYCENT/daycent_sites/sites/Srinivasarao_2012c/biomass_check/biomass_check_summary.txt,/Users/mac/DAYCENT/daycent_sites/sites/Srinivasarao_2012c/n2o_check/n2o_check_summary.txt,RESULT: OK for Calibration - No major discrepancies found.,RESULT: NEEDS INVESTIGATION - Model below observation and/or invalid comparison rows (see Point-wise delta).,RESULT: CANNOT ASSESS - No N2O flux observations in the observation file.,0,7,9,/Users/mac/DAYCENT/daycent_sites/sites/Srinivasarao_2012c/somsc_check/somsc_timeseries_spinup.png,True,/Users/mac/DAYCENT/daycent_sites/sites/Srinivasarao_2012c/somsc_check/somsc_timeseries_exp.png,True,/Users/mac/DAYCENT/daycent_sites/sites/Srinivasarao_2012c/somsc_check/observed_vs_modeled_somsc.png,True,/Users/mac/DAYCENT/daycent_sites/sites/Srinivasarao_2012c/biomass_check/observed_vs_modeled_biomass.png,True,/Users/mac/DAYCENT/daycent_sites/sites/Srinivasarao_2012c/n2o_check/observed_vs_modeled_n2o.png,False
Srinivasarao_2019,/Users/mac/DAYCENT/daycent_sites/sites/Srinivasarao_2019,/Users/mac/DAYCENT/daycent_sites/sites/Srinivasarao_2019/somsc_check/somsc_check_summary.txt,/Users/mac/DAYCENT/daycent_sites/sites/Srinivasarao_2019/biomass_check/biomass_check_summary.txt,/Users/mac/DAYCENT/daycent_sites/sites/Srinivasarao_2019/n2o_check/n2o_check_summary.txt,RESULT: OK for Calibration - No major discrepancies found.,RESULT: NEEDS INVESTIGATION - Model below observation and/or invalid comparison rows (see Point-wise delta).,RESULT: CANNOT ASSESS - No N2O flux observations in the observation file.,0,9,11,/Users/mac/DAYCENT/daycent_sites/sites/Srinivasarao_2019/somsc_check/somsc_timeseries_spinup.png,True,/Users/mac/DAYCENT/daycent_sites/sites/Srinivasarao_2019/somsc_check/somsc_timeseries_exp.png,True,/Users/mac/DAYCENT/daycent_sites/sites/Srinivasarao_2019/somsc_check/observed_vs_modeled_somsc.png,True,/Users/mac/DAYCENT/daycent_sites/sites/Srinivasarao_2019/biomass_check/observed_vs_modeled_biomass.png,True,/Users/mac/DAYCENT/daycent_sites/sites/Srinivasarao_2019/n2o_check/observed_vs_modeled_n2o.png,False
Srinivasarao_2021,/Users/mac/DAYCENT/daycent_sites/sites/Srinivasarao_2021,/Users/mac/DAYCENT/daycent_sites/sites/Srinivasarao_2021/somsc_check/somsc_check_summary.txt,/Users/mac/DAYCENT/daycent_sites/sites/Srinivasarao_2021/biomass_check/biomass_check_summary.txt,/Users/mac/DAYCENT/daycent_sites/sites/Srinivasarao_2021/n2o_check/n2o_check_summary.txt,RESULT: OK for Calibration - No major discrepancies found.,RESULT: CANNOT ASSESS - 'averaged_biomass_comparison.csv' was not found.,RESULT: CANNOT ASSESS - No N2O flux observations in the observation file.,4,0,6,/Users/mac/DAYCENT/daycent_sites/sites/Srinivasarao_2021/somsc_check/somsc_timeseries_spinup.png,True,/Users/mac/DAYCENT/daycent_sites/sites/Srinivasarao_2021/somsc_check/somsc_timeseries_exp.png,True,/Users/mac/DAYCENT/daycent_sites/sites/Srinivasarao_2021/somsc_check/observed_vs_modeled_somsc.png,True,/Users/mac/DAYCENT/daycent_sites/sites/Srinivasarao_2021/biomass_check/observed_vs_modeled_biomass.png,False,/Users/mac/DAYCENT/daycent_sites/sites/Srinivasarao_2021/n2o_check/observed_vs_modeled_n2o.png,False
Srivastava_2018,/Users/mac/DAYCENT/daycent_sites/sites/Srivastava_2018,/Users/mac/DAYCENT/daycent_sites/sites/Srivastava_2018/somsc_check/somsc_check_summary.txt,/Users/mac/DAYCENT/daycent_sites/sites/Srivastava_2018/biomass_check/biomass_check_summary.txt,/Users/mac/DAYCENT/daycent_sites/sites/Srivastava_2018/n2o_check/n2o_check_summary.txt,RESULT: OK for Calibration - No major discrepancies found.,RESULT: CANNOT ASSESS - 'averaged_biomass_comparison.csv' was not found.,RESULT: CANNOT ASSESS - No N2O flux observations in the observation file.,6,0,8,/Users/mac/DAYCENT/daycent_sites/sites/Srivastava_2018/somsc_check/somsc_timeseries_spinup.png,True,/Users/mac/DAYCENT/daycent_sites/sites/Srivastava_2018/somsc_check/somsc_timeseries_exp.png,True,/Users/mac/DAYCENT/daycent_sites/sites/Srivastava_2018/somsc_check/observed_vs_modeled_somsc.png,True,/Users/mac/DAYCENT/daycent_sites/sites/Srivastava_2018/biomass_check/observed_vs_modeled_biomass.png,False,/Users/mac/DAYCENT/daycent_sites/sites/Srivastava_2018/n2o_check/observed_vs_modeled_n2o.png,False
Suman_2009,/Users/mac/DAYCENT/daycent_sites/sites/Suman_2009,/Users/mac/DAYCENT/daycent_sites/sites/Suman_2009/somsc_check/somsc_check_summary.txt,/Users/mac/DAYCENT/daycent_sites/sites/Suman_2009/biomass_check/biomass_check_summary.txt,/Users/mac/DAYCENT/daycent_sites/sites/Suman_2009/n2o_check/n2o_check_summary.txt,RESULT: OK for Calibration - No major discrepancies found.,RESULT: CANNOT ASSESS - 'averaged_biomass_comparison.csv' was not found.,RESULT: CANNOT ASSESS - No N2O flux observations in the observation file.,6,0,8,/Users/mac/DAYCENT/daycent_sites/sites/Suman_2009/somsc_check/somsc_timeseries_spinup.png,True,/Users/mac/DAYCENT/daycent_sites/sites/Suman_2009/somsc_check/somsc_timeseries_exp.png,True,/Users/mac/DAYCENT/daycent_sites/sites/Suman_2009/somsc_check/observed_vs_modeled_somsc.png,True,/Users/mac/DAYCENT/daycent_sites/sites/Suman_2009/biomass_check/observed_vs_modeled_biomass.png,False,/Users/mac/DAYCENT/daycent_sites/sites/Suman_2009/n2o_check/observed_vs_modeled_n2o.png,False
Sun_2022_update version,/Users/mac/DAYCENT/daycent_sites/sites/Sun_2022_update version,/Users/mac/DAYCENT/daycent_sites/sites/Sun_2022_update version/somsc_check/somsc_check_summary.txt,/Users/mac/DAYCENT/daycent_sites/sites/Sun_2022_update version/biomass_check/biomass_check_summary.txt,/Users/mac/DAYCENT/daycent_sites/sites/Sun_2022_update version/n2o_check/n2o_check_summary.txt,RESULT: OK for Calibration - No major discrepancies found.,RESULT: NEEDS INVESTIGATION - Model below observation and/or invalid comparison rows (see Point-wise delta).,RESULT: OK for Calibration - All points have simulated >= observed (no shortfalls).,7,7,9,/Users/mac/DAYCENT/daycent_sites/sites/Sun_2022_update version/somsc_check/somsc_timeseries_spinup.png,True,/Users/mac/DAYCENT/daycent_sites/sites/Sun_2022_update version/somsc_check/somsc_timeseries_exp.png,True,/Users/mac/DAYCENT/daycent_sites/sites/Sun_2022_update version/somsc_check/observed_vs_modeled_somsc.png,False,/Users/mac/DAYCENT/daycent_sites/sites/Sun_2022_update version/biomass_check/observed_vs_modeled_biomass.png,True,/Users/mac/DAYCENT/daycent_sites/sites/Sun_2022_update version/n2o_check/observed_vs_modeled_n2o.png,True
Surendran_2016,/Users/mac/DAYCENT/daycent_sites/sites/Surendran_2016,/Users/mac/DAYCENT/daycent_sites/sites/Surendran_2016/somsc_check/somsc_check_summary.txt,/Users/mac/DAYCENT/daycent_sites/sites/Surendran_2016/biomass_check/biomass_check_summary.txt,/Users/mac/DAYCENT/daycent_sites/sites/Surendran_2016/n2o_check/n2o_check_summary.txt,RESULT: OK for Calibration - No major discrepancies found.,RESULT: CANNOT ASSESS - 'averaged_biomass_comparison.csv' was not found.,RESULT: CANNOT ASSESS - No N2O flux observations in the observation file.,6,0,8,/Users/mac/DAYCENT/daycent_sites/sites/Surendran_2016/somsc_check/somsc_timeseries_spinup.png,True,/Users/mac/DAYCENT/daycent_sites/sites/Surendran_2016/somsc_check/somsc_timeseries_exp.png,True,/Users/mac/DAYCENT/daycent_sites/sites/Surendran_2016/somsc_check/observed_vs_modeled_somsc.png,True,/Users/mac/DAYCENT/daycent_sites/sites/Surendran_2016/biomass_check/observed_vs_modeled_biomass.png,False,/Users/mac/DAYCENT/daycent_sites/sites/Surendran_2016/n2o_check/observed_vs_modeled_n2o.png,False
Sutaria_2010,/Users/mac/DAYCENT/daycent_sites/sites/Sutaria_2010,/Users/mac/DAYCENT/daycent_sites/sites/Sutaria_2010/somsc_check/somsc_check_summary.txt,/Users/mac/DAYCENT/daycent_sites/sites/Sutaria_2010/biomass_check/biomass_check_summary.txt,/Users/mac/DAYCENT/daycent_sites/sites/Sutaria_2010/n2o_check/n2o_check_summary.txt,RESULT: OK for Calibration - No major discrepancies found.,RESULT: CANNOT ASSESS - 'averaged_biomass_comparison.csv' was not found.,RESULT: CANNOT ASSESS - No N2O flux observations in the observation file.,0,12,14,/Users/mac/DAYCENT/daycent_sites/sites/Sutaria_2010/somsc_check/somsc_timeseries_spinup.png,True,/Users/mac/DAYCENT/daycent_sites/sites/Sutaria_2010/somsc_check/somsc_timeseries_exp.png,True,/Users/mac/DAYCENT/daycent_sites/sites/Sutaria_2010/somsc_check/observed_vs_modeled_somsc.png,True,/Users/mac/DAYCENT/daycent_sites/sites/Sutaria_2010/biomass_check/observed_vs_modeled_biomass.png,False,/Users/mac/DAYCENT/daycent_sites/sites/Sutaria_2010/n2o_check/observed_vs_modeled_n2o.png,False
Tigga_2020,/Users/mac/DAYCENT/daycent_sites/sites/Tigga_2020,/Users/mac/DAYCENT/daycent_sites/sites/Tigga_2020/somsc_check/somsc_check_summary.txt,/Users/mac/DAYCENT/daycent_sites/sites/Tigga_2020/biomass_check/biomass_check_summary.txt,/Users/mac/DAYCENT/daycent_sites/sites/Tigga_2020/n2o_check/n2o_check_summary.txt,RESULT: OK for Calibration - No major discrepancies found.,RESULT: CANNOT ASSESS - No biomass/grain observations in the observation file.,RESULT: CANNOT ASSESS - No N2O flux observations in the observation file.,0,0,14,/Users/mac/DAYCENT/daycent_sites/sites/Tigga_2020/somsc_check/somsc_timeseries_spinup.png,True,/Users/mac/DAYCENT/daycent_sites/sites/Tigga_2020/somsc_check/somsc_timeseries_exp.png,True,/Users/mac/DAYCENT/daycent_sites/sites/Tigga_2020/somsc_check/observed_vs_modeled_somsc.png,False,/Users/mac/DAYCENT/daycent_sites/sites/Tigga_2020/biomass_check/observed_vs_modeled_biomass.png,False,/Users/mac/DAYCENT/daycent_sites/sites/Tigga_2020/n2o_check/observed_vs_modeled_n2o.png,False
Trivedi_2020,/Users/mac/DAYCENT/daycent_sites/sites/Trivedi_2020,/Users/mac/DAYCENT/daycent_sites/sites/Trivedi_2020/somsc_check/somsc_check_summary.txt,/Users/mac/DAYCENT/daycent_sites/sites/Trivedi_2020/biomass_check/biomass_check_summary.txt,/Users/mac/DAYCENT/daycent_sites/sites/Trivedi_2020/n2o_check/n2o_check_summary.txt,RESULT: OK for Calibration - No major discrepancies found.,RESULT: NEEDS INVESTIGATION - Model below observation and/or invalid comparison rows (see Point-wise delta).,RESULT: CANNOT ASSESS - No N2O flux observations in the observation file.,0,8,10,/Users/mac/DAYCENT/daycent_sites/sites/Trivedi_2020/somsc_check/somsc_timeseries_spinup.png,True,/Users/mac/DAYCENT/daycent_sites/sites/Trivedi_2020/somsc_check/somsc_timeseries_exp.png,True,/Users/mac/DAYCENT/daycent_sites/sites/Trivedi_2020/somsc_check/observed_vs_modeled_somsc.png,True,/Users/mac/DAYCENT/daycent_sites/sites/Trivedi_2020/biomass_check/observed_vs_modeled_biomass.png,True,/Users/mac/DAYCENT/daycent_sites/sites/Trivedi_2020/n2o_check/observed_vs_modeled_n2o.png,False
Usman_2014_reformatted,/Users/mac/DAYCENT/daycent_sites/sites/Usman_2014_reformatted,/Users/mac/DAYCENT/daycent_sites/sites/Usman_2014_reformatted/somsc_check/somsc_check_summary.txt,/Users/mac/DAYCENT/daycent_sites/sites/Usman_2014_reformatted/biomass_check/biomass_check_summary.txt,/Users/mac/DAYCENT/daycent_sites/sites/Usman_2014_reformatted/n2o_check/n2o_check_summary.txt,RESULT: OK for Calibration - No major discrepancies found.,RESULT: CANNOT ASSESS - 'averaged_biomass_comparison.csv' was not found.,RESULT: CANNOT ASSESS - No N2O flux observations in the observation file.,0,15,17,/Users/mac/DAYCENT/daycent_sites/sites/Usman_2014_reformatted/somsc_check/somsc_timeseries_spinup.png,True,/Users/mac/DAYCENT/daycent_sites/sites/Usman_2014_reformatted/somsc_check/somsc_timeseries_exp.png,True,/Users/mac/DAYCENT/daycent_sites/sites/Usman_2014_reformatted/somsc_check/observed_vs_modeled_somsc.png,False,/Users/mac/DAYCENT/daycent_sites/sites/Usman_2014_reformatted/biomass_check/observed_vs_modeled_biomass.png,False,/Users/mac/DAYCENT/daycent_sites/sites/Usman_2014_reformatted/n2o_check/observed_vs_modeled_n2o.png,False
Venkatesh_2013,/Users/mac/DAYCENT/daycent_sites/sites/Venkatesh_2013,/Users/mac/DAYCENT/daycent_sites/sites/Venkatesh_2013/somsc_check/somsc_check_summary.txt,/Users/mac/DAYCENT/daycent_sites/sites/Venkatesh_2013/biomass_check/biomass_check_summary.txt,/Users/mac/DAYCENT/daycent_sites/sites/Venkatesh_2013/n2o_check/n2o_check_summary.txt,RESULT: OK for Calibration - No major discrepancies found.,RESULT: CANNOT ASSESS - No biomass/grain observations in the observation file.,RESULT: CANNOT ASSESS - No N2O flux observations in the observation file.,0,12,14,/Users/mac/DAYCENT/daycent_sites/sites/Venkatesh_2013/somsc_check/somsc_timeseries_spinup.png,True,/Users/mac/DAYCENT/daycent_sites/sites/Venkatesh_2013/somsc_check/somsc_timeseries_exp.png,True,/Users/mac/DAYCENT/daycent_sites/sites/Venkatesh_2013/somsc_check/observed_vs_modeled_somsc.png,True,/Users/mac/DAYCENT/daycent_sites/sites/Venkatesh_2013/biomass_check/observed_vs_modeled_biomass.png,False,/Users/mac/DAYCENT/daycent_sites/sites/Venkatesh_2013/n2o_check/observed_vs_modeled_n2o.png,False
Verma_2022,/Users/mac/DAYCENT/daycent_sites/sites/Verma_2022,/Users/mac/DAYCENT/daycent_sites/sites/Verma_2022/somsc_check/somsc_check_summary.txt,/Users/mac/DAYCENT/daycent_sites/sites/Verma_2022/biomass_check/biomass_check_summary.txt,/Users/mac/DAYCENT/daycent_sites/sites/Verma_2022/n2o_check/n2o_check_summary.txt,RESULT: OK for Calibration - No major discrepancies found.,RESULT: CANNOT ASSESS - No biomass/grain observations in the observation file.,RESULT: CANNOT ASSESS - No N2O flux observations in the observation file.,0,6,8,/Users/mac/DAYCENT/daycent_sites/sites/Verma_2022/somsc_check/somsc_timeseries_spinup.png,True,/Users/mac/DAYCENT/daycent_sites/sites/Verma_2022/somsc_check/somsc_timeseries_exp.png,True,/Users/mac/DAYCENT/daycent_sites/sites/Verma_2022/somsc_check/observed_vs_modeled_somsc.png,True,/Users/mac/DAYCENT/daycent_sites/sites/Verma_2022/biomass_check/observed_vs_modeled_biomass.png,False,/Users/mac/DAYCENT/daycent_sites/sites/Verma_2022/n2o_check/observed_vs_modeled_n2o.png,False
Virk_2017,/Users/mac/DAYCENT/daycent_sites/sites/Virk_2017,/Users/mac/DAYCENT/daycent_sites/sites/Virk_2017/somsc_check/somsc_check_summary.txt,/Users/mac/DAYCENT/daycent_sites/sites/Virk_2017/biomass_check/biomass_check_summary.txt,/Users/mac/DAYCENT/daycent_sites/sites/Virk_2017/n2o_check/n2o_check_summary.txt,RESULT: OK for Calibration - No major discrepancies found.,RESULT: CANNOT ASSESS - No biomass/grain observations in the observation file.,RESULT: CANNOT ASSESS - No N2O flux observations in the observation file.,0,12,14,/Users/mac/DAYCENT/daycent_sites/sites/Virk_2017/somsc_check/somsc_timeseries_spinup.png,True,/Users/mac/DAYCENT/daycent_sites/sites/Virk_2017/somsc_check/somsc_timeseries_exp.png,True,/Users/mac/DAYCENT/daycent_sites/sites/Virk_2017/somsc_check/observed_vs_modeled_somsc.png,False,/Users/mac/DAYCENT/daycent_sites/sites/Virk_2017/biomass_check/observed_vs_modeled_biomass.png,False,/Users/mac/DAYCENT/daycent_sites/sites/Virk_2017/n2o_check/observed_vs_modeled_n2o.png,False
Wagh_2016,/Users/mac/DAYCENT/daycent_sites/sites/Wagh_2016,/Users/mac/DAYCENT/daycent_sites/sites/Wagh_2016/somsc_check/somsc_check_summary.txt,/Users/mac/DAYCENT/daycent_sites/sites/Wagh_2016/biomass_check/biomass_check_summary.txt,/Users/mac/DAYCENT/daycent_sites/sites/Wagh_2016/n2o_check/n2o_check_summary.txt,RESULT: OK for Calibration - No major discrepancies found.,RESULT: CANNOT ASSESS - No biomass/grain observations in the observation file.,RESULT: CANNOT ASSESS - No N2O flux observations in the observation file.,0,0,9,/Users/mac/DAYCENT/daycent_sites/sites/Wagh_2016/somsc_check/somsc_timeseries_spinup.png,True,/Users/mac/DAYCENT/daycent_sites/sites/Wagh_2016/somsc_check/somsc_timeseries_exp.png,True,/Users/mac/DAYCENT/daycent_sites/sites/Wagh_2016/somsc_check/observed_vs_modeled_somsc.png,False,/Users/mac/DAYCENT/daycent_sites/sites/Wagh_2016/biomass_check/observed_vs_modeled_biomass.png,False,/Users/mac/DAYCENT/daycent_sites/sites/Wagh_2016/n2o_check/observed_vs_modeled_n2o.png,False
Yadav_2021,/Users/mac/DAYCENT/daycent_sites/sites/Yadav_2021,/Users/mac/DAYCENT/daycent_sites/sites/Yadav_2021/somsc_check/somsc_check_summary.txt,/Users/mac/DAYCENT/daycent_sites/sites/Yadav_2021/biomass_check/biomass_check_summary.txt,/Users/mac/DAYCENT/daycent_sites/sites/Yadav_2021/n2o_check/n2o_check_summary.txt,RESULT: OK for Calibration - No major discrepancies found.,RESULT: CANNOT ASSESS - 'averaged_biomass_comparison.csv' was not found.,RESULT: CANNOT ASSESS - No N2O flux observations in the observation file.,0,0,2,/Users/mac/DAYCENT/daycent_sites/sites/Yadav_2021/somsc_check/somsc_timeseries_spinup.png,True,/Users/mac/DAYCENT/daycent_sites/sites/Yadav_2021/somsc_check/somsc_timeseries_exp.png,False,/Users/mac/DAYCENT/daycent_sites/sites/Yadav_2021/somsc_check/observed_vs_modeled_somsc.png,False,/Users/mac/DAYCENT/daycent_sites/sites/Yadav_2021/biomass_check/observed_vs_modeled_biomass.png,False,/Users/mac/DAYCENT/daycent_sites/sites/Yadav_2021/n2o_check/observed_vs_modeled_n2o.png,False
Yang_2024,/Users/mac/DAYCENT/daycent_sites/sites/Yang_2024,/Users/mac/DAYCENT/daycent_sites/sites/Yang_2024/somsc_check/somsc_check_summary.txt,/Users/mac/DAYCENT/daycent_sites/sites/Yang_2024/biomass_check/biomass_check_summary.txt,/Users/mac/DAYCENT/daycent_sites/sites/Yang_2024/n2o_check/n2o_check_summary.txt,RESULT: OK for Calibration - No major discrepancies found.,RESULT: CANNOT ASSESS - 'averaged_biomass_comparison.csv' was not found.,RESULT: CANNOT ASSESS - Comparison CSV not found (extract_N2O failed).,6,6,8,/Users/mac/DAYCENT/daycent_sites/sites/Yang_2024/somsc_check/somsc_timeseries_spinup.png,True,/Users/mac/DAYCENT/daycent_sites/sites/Yang_2024/somsc_check/somsc_timeseries_exp.png,True,/Users/mac/DAYCENT/daycent_sites/sites/Yang_2024/somsc_check/observed_vs_modeled_somsc.png,True,/Users/mac/DAYCENT/daycent_sites/sites/Yang_2024/biomass_check/observed_vs_modeled_biomass.png,False,/Users/mac/DAYCENT/daycent_sites/sites/Yang_2024/n2o_check/observed_vs_modeled_n2o.png,False
Zhang_2013,/Users/mac/DAYCENT/daycent_sites/sites/Zhang_2013,/Users/mac/DAYCENT/daycent_sites/sites/Zhang_2013/somsc_check/somsc_check_summary.txt,/Users/mac/DAYCENT/daycent_sites/sites/Zhang_2013/biomass_check/biomass_check_summary.txt,/Users/mac/DAYCENT/daycent_sites/sites/Zhang_2013/n2o_check/n2o_check_summary.txt,RESULT: OK for Calibration - No major discrepancies found.,RESULT: NEEDS INVESTIGATION - Model below observation and/or invalid comparison rows (see Point-wise delta).,RESULT: CANNOT ASSESS - No N2O flux observations in the observation file.,0,3,5,/Users/mac/DAYCENT/daycent_sites/sites/Zhang_2013/somsc_check/somsc_timeseries_spinup.png,True,/Users/mac/DAYCENT/daycent_sites/sites/Zhang_2013/somsc_check/somsc_timeseries_exp.png,True,/Users/mac/DAYCENT/daycent_sites/sites/Zhang_2013/somsc_check/observed_vs_modeled_somsc.png,True,/Users/mac/DAYCENT/daycent_sites/sites/Zhang_2013/biomass_check/observed_vs_modeled_biomass.png,True,/Users/mac/DAYCENT/daycent_sites/sites/Zhang_2013/n2o_check/observed_vs_modeled_n2o.png,False
iari,/Users/mac/DAYCENT/daycent_sites/sites/iari,/Users/mac/DAYCENT/daycent_sites/sites/iari/somsc_check/somsc_check_summary.txt,/Users/mac/DAYCENT/daycent_sites/sites/iari/biomass_check/biomass_check_summary.txt,/Users/mac/DAYCENT/daycent_sites/sites/iari/n2o_check/n2o_check_summary.txt,,,,0,0,0,/Users/mac/DAYCENT/daycent_sites/sites/iari/somsc_check/somsc_timeseries_spinup.png,False,/Users/mac/DAYCENT/daycent_sites/sites/iari/somsc_check/somsc_timeseries_exp.png,False,/Users/mac/DAYCENT/daycent_sites/sites/iari/somsc_check/observed_vs_modeled_somsc.png,False,/Users/mac/DAYCENT/daycent_sites/sites/iari/biomass_check/observed_vs_modeled_biomass.png,False,/Users/mac/DAYCENT/daycent_sites/sites/iari/n2o_check/observed_vs_modeled_n2o.png,False
